matchNum,allianceStationID,team,teamMatchNum,scoutingStatusID,preNoShow,preStartPosID,autoLeave,autoL4,autoL3,autoL2,autoL1,autoMissL4,autoMissL3,autoMissL2,autoMissL1,autoAlgaeRmv,autoProcessor,autoBarge,autoMarkCoral,autoMarkAlgae,autoMarkMiss,autoCoralStation1,autoCoralStation2,autoMissProcessor,autoMissBarge,teleL4,teleL3,teleL2,teleL1,teleMissL4,teleMissL3,teleMissL2,teleMissL1,teleAlgaeRmv,teleProcessor,teleBarge,teleMissProcessor,teleMissBarge,teleOppProcessor,teleOppCoral,teleOppAlgae,teleCoralStation1,teleCoralStation2,teleCoralGround,climbStatusID,climbTime,postOppCage,postSubBroke,postBreakDown,postDefense,postWasDefended,postGroundPick,postStationPick,postShotAlgae
1,1,7407,1,1.0,0.0,1.0,1.0,3,0,0,0,0,0,0,0,0,0,0,0,0,0,3,0,0,0,3,8,3,1,0,0,0,0,3,0,0,0,0,0,0,0,14,0,0,5.0,8.0,0.0,0.0,0.0,0.0,0.0,0.0,1.0,0.0
1,2,5142,1,1.0,0.0,3.0,1.0,1,0,0,0,1,0,0,0,0,0,0,0,0,0,2,0,0,0,3,5,3,0,0,0,0,0,2,0,0,0,0,0,0,0,10,0,0,5.0,13.0,0.0,0.0,0.0,0.0,0.0,0.0,1.0,0.0
1,3,10245,1,1.0,0.0,3.0,1.0,0,0,0,1,0,0,0,0,0,0,0,0,0,0,0,0,0,0,0,0,0,6,0,0,0,2,0,0,0,0,0,0,0,0,0,8,0,6.0,,0.0,0.0,0.0,0.0,0.0,0.0,1.0,0.0
1,4,1350,1,1.0,0.0,3.0,1.0,0,0,0,0,0,0,0,0,0,0,0,0,0,0,0,0,0,0,0,3,0,0,0,0,0,0,0,0,0,0,0,0,0,0,2,0,0,3.0,8.0,1.0,1.0,0.0,0.0,0.0,0.0,1.0,0.0
1,5,2170,1,1.0,0.0,3.0,1.0,0,0,0,1,0,0,0,0,0,0,0,0,0,0,0,0,0,0,0,3,0,0,0,2,1,0,1,0,0,0,0,0,0,0,0,6,0,6.0,,0.0,0.0,0.0,0.0,0.0,0.0,1.0,0.0
1,6,9193,1,1.0,0.0,2.0,1.0,0,0,0,0,0,0,0,0,0,0,0,0,0,0,0,0,0,0,0,0,0,2,0,0,0,2,0,0,0,0,0,0,0,0,0,4,0,6.0,,0.0,1.0,0.0,0.0,0.0,0.0,1.0,0.0
2,1,228,1,1.0,0.0,2.0,1.0,1,0,0,0,1,0,0,0,0,0,0,0,0,0,2,0,0,0,6,0,2,0,0,0,0,0,0,0,0,0,0,0,0,0,9,0,0,1.0,,0.0,0.0,0.0,0.0,1.0,0.0,1.0,0.0
2,2,4987,1,1.0,0.0,5.0,1.0,0,0,0,0,0,0,0,0,0,0,0,0,0,0,0,0,0,0,0,0,0,0,0,0,0,0,0,0,0,0,0,0,0,0,0,0,0,1.0,,0.0,1.0,0.0,1.0,0.0,0.0,1.0,0.0
2,3,6333,1,1.0,0.0,3.0,1.0,0,0,0,0,0,0,0,0,0,0,0,0,0,0,0,0,0,0,3,0,0,0,2,0,0,0,0,0,0,0,0,0,0,0,0,3,0,4.0,26.0,0.0,0.0,0.0,0.0,0.0,1.0,1.0,0.0
2,4,155,1,1.0,0.0,2.0,1.0,0,0,0,0,1,0,0,0,0,0,0,0,0,0,1,0,0,0,1,0,0,0,2,0,0,0,0,0,0,0,0,0,0,0,3,0,0,3.0,10.0,0.0,0.0,0.0,1.0,1.0,0.0,1.0,0.0
2,5,5746,1,1.0,0.0,5.0,1.0,0,0,0,0,0,0,0,0,0,0,0,0,0,0,0,0,0,0,1,0,2,0,2,0,0,0,0,0,0,0,0,0,0,0,1,4,0,6.0,,0.0,0.0,0.0,0.0,0.0,0.0,1.0,0.0
2,6,1991,1,1.0,0.0,3.0,0.0,0,0,0,0,0,0,0,0,0,0,0,0,0,0,0,0,0,0,0,0,0,0,0,0,0,0,3,7,0,1,0,0,0,0,0,0,0,1.0,,0.0,0.0,0.0,0.0,0.0,0.0,0.0,0.0
3,1,5856,1,1.0,0.0,1.0,1.0,0,0,0,0,0,0,0,0,0,0,0,0,0,0,0,0,0,0,0,0,0,0,0,0,0,0,0,0,0,0,0,0,0,0,0,0,0,1.0,,1.0,0.0,0.0,1.0,0.0,0.0,0.0,0.0
3,2,3634,1,1.0,0.0,4.0,1.0,0,0,0,0,0,0,0,0,0,0,0,0,0,0,0,0,0,0,0,0,0,7,0,0,0,1,0,0,0,0,0,0,0,0,5,2,0,5.0,30.0,0.0,0.0,0.0,0.0,0.0,0.0,1.0,0.0
3,3,3464,1,1.0,0.0,3.0,1.0,1,0,0,0,0,0,0,0,0,0,0,0,0,0,0,0,0,0,1,0,0,0,0,0,0,0,0,5,0,0,0,0,0,0,0,2,0,6.0,,0.0,1.0,0.0,0.0,0.0,0.0,1.0,0.0
3,4,7869,1,1.0,0.0,1.0,1.0,0,0,0,0,0,0,0,0,0,0,0,0,0,0,0,0,0,0,6,5,0,0,0,2,0,0,0,0,0,0,0,0,0,0,12,0,0,6.0,,0.0,0.0,0.0,0.0,0.0,0.0,0.0,0.0
3,5,3461,1,1.0,0.0,5.0,1.0,0,0,1,0,0,0,0,0,0,0,0,0,0,0,0,0,0,0,2,2,4,0,0,0,1,1,2,0,0,0,0,0,0,0,10,1,0,1.0,,0.0,0.0,0.0,0.0,0.0,0.0,1.0,0.0
3,6,7153,1,1.0,0.0,3.0,1.0,1,0,0,0,0,0,0,0,1,0,0,0,0,0,0,0,0,0,4,4,1,0,0,0,0,0,1,0,0,0,0,0,0,0,0,9,0,5.0,24.0,0.0,0.0,0.0,0.0,0.0,0.0,1.0,0.0
4,1,10266,1,1.0,0.0,1.0,0.0,0,0,0,0,0,0,0,0,0,0,0,0,0,0,0,0,0,0,0,0,0,0,0,0,0,0,0,0,0,0,0,0,0,0,0,0,0,6.0,,0.0,1.0,0.0,0.0,0.0,0.0,0.0,0.0
4,2,1027,1,1.0,0.0,3.0,1.0,0,0,0,0,0,0,0,0,0,0,0,0,0,0,0,0,0,0,0,0,0,0,0,0,0,0,0,0,0,0,0,0,0,0,0,0,0,1.0,,1.0,0.0,1.0,1.0,0.0,0.0,0.0,0.0
4,3,178,1,1.0,0.0,4.0,1.0,0,0,0,0,0,0,0,0,0,0,0,0,0,0,0,0,0,0,0,0,1,1,0,0,0,0,0,0,0,0,0,0,0,0,0,3,0,6.0,,1.0,0.0,1.0,0.0,0.0,0.0,1.0,0.0
4,4,7127,1,1.0,0.0,3.0,1.0,0,0,0,0,1,0,0,0,0,0,0,0,0,0,0,0,0,0,4,2,0,0,1,0,1,0,1,0,0,0,0,0,0,0,8,0,0,6.0,,0.0,0.0,0.0,0.0,0.0,0.0,1.0,0.0
4,5,571,1,1.0,0.0,2.0,1.0,0,0,3,0,0,0,0,0,0,0,0,0,0,0,2,0,0,0,0,2,5,3,0,1,1,1,0,0,0,0,0,0,0,0,13,0,0,6.0,,0.0,0.0,0.0,0.0,0.0,0.0,1.0,0.0
4,6,4048,1,1.0,0.0,4.0,1.0,0,0,0,0,0,0,0,0,0,0,0,0,0,0,0,0,0,0,5,3,0,1,1,0,0,0,1,0,0,0,0,0,0,0,0,10,0,5.0,19.0,0.0,0.0,0.0,0.0,0.0,0.0,1.0,0.0
5,1,558,1,1.0,0.0,2.0,1.0,1,0,0,0,0,0,0,0,0,0,0,0,0,0,0,0,0,0,3,0,0,0,1,0,1,0,0,0,0,0,0,0,0,0,5,0,0,5.0,12.0,0.0,0.0,0.0,0.0,0.0,0.0,1.0,0.0
5,2,6346,1,1.0,0.0,4.0,1.0,0,0,0,0,0,0,0,0,0,0,0,0,0,0,0,0,0,0,3,1,1,0,1,0,0,0,1,0,0,0,0,0,0,0,3,3,0,6.0,,0.0,0.0,0.0,0.0,0.0,0.0,1.0,0.0
5,3,9710,1,1.0,0.0,3.0,1.0,1,0,0,0,0,0,0,0,0,0,0,0,0,0,0,0,0,0,3,1,0,0,0,0,0,0,0,0,0,0,0,0,0,0,0,5,0,6.0,,0.0,0.0,0.0,0.0,0.0,0.0,1.0,0.0
5,4,195,1,1.0,0.0,2.0,1.0,1,0,0,0,2,0,0,0,0,0,0,0,0,0,3,0,0,0,0,0,0,7,0,0,0,0,0,0,0,0,0,0,0,0,1,0,0,5.0,8.0,1.0,1.0,0.0,0.0,0.0,1.0,1.0,0.0
5,5,7694,1,1.0,0.0,3.0,1.0,0,0,0,0,0,0,0,1,0,0,0,0,0,0,0,0,0,0,1,2,0,0,1,1,0,0,1,0,0,0,0,0,0,0,0,6,0,6.0,,0.0,0.0,0.0,0.0,0.0,0.0,1.0,0.0
5,6,2168,1,1.0,0.0,5.0,1.0,0,0,0,0,0,0,0,0,0,0,0,0,0,0,0,0,0,0,0,0,0,1,0,0,0,2,0,0,0,0,0,0,0,0,0,4,0,1.0,,0.0,1.0,0.0,0.0,0.0,0.0,1.0,0.0
6,1,1099,1,1.0,0.0,3.0,1.0,0,0,0,0,0,0,0,1,0,0,0,0,0,0,0,0,0,0,0,0,0,0,0,0,0,0,2,2,0,0,4,0,0,0,0,0,0,6.0,,0.0,0.0,0.0,0.0,0.0,0.0,0.0,1.0
6,2,181,1,1.0,0.0,2.0,1.0,0,0,0,0,0,0,0,0,1,0,0,0,0,0,0,0,0,0,0,0,0,0,0,0,0,0,2,0,3,0,1,0,0,0,0,0,0,6.0,,0.0,0.0,0.0,0.0,0.0,0.0,0.0,1.0
6,3,173,1,1.0,0.0,5.0,1.0,2,0,0,0,0,0,0,0,0,0,0,0,0,0,0,1,0,0,7,1,0,1,3,0,0,0,0,0,0,0,0,0,0,0,2,10,0,1.0,,0.0,0.0,0.0,0.0,0.0,0.0,1.0,0.0
6,4,10133,1,1.0,0.0,3.0,1.0,0,0,0,0,0,0,0,0,0,1,0,0,0,0,0,0,0,0,0,0,0,1,0,0,0,0,0,7,0,0,0,0,0,0,1,0,0,1.0,,0.0,0.0,0.0,0.0,0.0,0.0,1.0,0.0
6,5,236,1,1.0,0.0,2.0,1.0,1,0,0,0,0,0,0,0,0,0,0,0,0,0,1,0,0,0,2,0,0,0,0,0,0,0,4,0,0,0,0,0,0,0,1,0,0,5.0,4.0,1.0,0.0,0.0,0.0,0.0,0.0,1.0,0.0
6,6,3654,1,1.0,0.0,5.0,1.0,0,0,0,1,0,0,0,0,0,0,0,0,0,0,0,1,0,0,4,1,3,0,1,0,0,0,0,0,0,0,0,0,0,0,1,7,0,1.0,,0.0,0.0,0.0,0.0,0.0,0.0,1.0,0.0
7,1,175,1,1.0,0.0,3.0,1.0,1,0,0,0,0,0,0,0,0,0,0,0,0,0,0,0,0,0,5,2,1,0,1,0,0,0,1,0,0,0,0,0,0,0,11,0,0,6.0,,0.0,0.0,0.0,0.0,1.0,0.0,1.0,0.0
7,2,8889,1,1.0,0.0,1.0,1.0,0,0,0,0,1,0,0,0,0,0,0,0,0,0,0,0,0,0,0,0,0,0,0,0,0,0,1,0,0,1,0,0,0,0,0,0,0,1.0,,0.0,0.0,1.0,1.0,0.0,0.0,0.0,0.0
7,3,1350,2,1.0,0.0,5.0,1.0,0,0,0,0,0,0,0,0,0,0,0,0,0,0,0,0,0,0,0,0,4,1,0,0,1,1,0,0,0,0,0,0,0,0,0,9,0,1.0,,1.0,0.0,0.0,0.0,0.0,0.0,1.0,0.0
7,4,3146,1,1.0,0.0,3.0,1.0,1,0,0,0,0,0,0,0,0,0,0,0,0,0,0,0,0,0,1,2,1,2,0,0,1,3,2,0,0,0,0,0,0,0,10,0,0,5.0,10.0,1.0,0.0,0.0,0.0,0.0,0.0,1.0,0.0
7,5,7407,2,1.0,0.0,4.0,1.0,3,0,0,0,0,0,0,0,0,0,0,0,0,0,0,2,0,0,3,4,4,2,0,0,0,2,2,0,0,0,0,0,0,0,0,16,0,6.0,,0.0,0.0,0.0,0.0,1.0,0.0,1.0,0.0
7,6,1991,2,1.0,0.0,1.0,1.0,0,0,0,0,0,0,0,0,0,0,0,0,0,0,0,0,0,0,0,0,0,0,0,0,0,0,0,7,0,0,0,0,0,0,0,0,0,1.0,,0.0,0.0,0.0,0.0,0.0,0.0,0.0,0.0
8,1,571,2,1.0,0.0,2.0,1.0,0,0,0,1,0,0,0,0,0,0,0,0,0,0,0,0,0,0,0,1,0,0,0,0,0,0,2,0,0,0,0,0,0,0,3,0,0,6.0,,0.0,1.0,0.0,1.0,0.0,0.0,1.0,0.0
8,2,7153,2,1.0,0.0,3.0,1.0,1,0,0,0,0,0,0,0,0,0,0,0,0,0,0,0,0,0,8,0,0,0,0,0,0,0,0,0,0,0,0,0,0,0,8,0,0,3.0,21.0,0.0,0.0,0.0,0.0,0.0,0.0,1.0,0.0
8,3,178,2,1.0,0.0,4.0,1.0,0,0,0,0,0,0,0,1,0,0,0,0,0,0,0,0,0,0,0,2,3,0,0,0,1,0,0,0,0,0,0,0,0,0,0,6,0,6.0,,0.0,0.0,0.0,0.0,0.0,0.0,1.0,0.0
8,4,2170,2,1.0,0.0,5.0,1.0,0,0,0,0,0,0,0,0,0,0,0,0,0,0,0,0,0,0,0,0,1,0,0,0,0,1,1,0,0,0,0,0,0,0,2,0,0,5.0,30.0,0.0,1.0,1.0,0.0,1.0,0.0,1.0,0.0
8,5,10245,2,1.0,0.0,1.0,1.0,0,0,0,1,0,0,0,0,0,0,0,0,0,0,0,0,0,0,0,0,0,3,0,0,0,5,0,0,0,0,0,0,0,0,8,0,0,1.0,,0.0,0.0,0.0,0.0,1.0,0.0,1.0,0.0
8,6,3461,2,1.0,0.0,3.0,1.0,0,0,0,0,0,0,0,0,0,0,0,0,0,0,0,0,0,0,2,0,0,0,0,0,0,0,0,0,0,0,0,0,0,0,0,2,0,6.0,,0.0,0.0,0.0,1.0,0.0,0.0,1.0,0.0
9,1,2168,2,1.0,0.0,4.0,1.0,0,0,0,1,0,0,0,0,0,0,0,0,0,0,0,0,0,0,3,0,0,0,0,0,0,0,0,0,0,0,0,0,0,0,3,0,0,1.0,,0.0,0.0,0.0,0.0,1.0,0.0,1.0,0.0
9,2,6333,2,1.0,0.0,3.0,1.0,0,0,0,0,0,0,0,0,0,0,0,0,0,0,0,0,0,0,4,0,0,0,1,0,0,0,0,0,0,0,0,0,0,0,0,3,0,2.0,20.0,0.0,0.0,0.0,0.0,1.0,1.0,1.0,0.0
9,3,9193,2,1.0,0.0,1.0,1.0,0,0,0,0,0,0,0,0,0,0,0,0,0,0,0,0,0,0,0,0,0,0,0,0,0,1,0,0,0,0,0,0,0,0,1,0,0,1.0,,0.0,0.0,0.0,0.0,0.0,0.0,1.0,0.0
9,4,5856,2,1.0,0.0,4.0,1.0,0,0,0,0,0,0,0,0,0,0,0,0,0,0,0,0,0,0,0,0,0,0,0,0,0,0,0,0,0,0,0,0,0,0,0,0,0,6.0,,0.0,0.0,0.0,1.0,0.0,0.0,0.0,0.0
9,5,7127,2,1.0,0.0,2.0,1.0,1,0,0,0,0,0,0,0,0,0,0,0,0,0,0,0,0,0,9,3,0,0,0,0,0,0,0,0,0,0,0,0,0,0,12,2,0,6.0,,0.0,0.0,0.0,0.0,0.0,0.0,1.0,0.0
9,6,7694,2,1.0,0.0,3.0,1.0,0,0,0,0,0,0,0,0,0,0,0,0,0,0,0,0,0,0,0,3,0,0,0,2,0,0,0,0,0,0,0,0,0,0,0,4,0,5.0,28.0,0.0,0.0,0.0,0.0,0.0,0.0,1.0,0.0
10,1,9710,2,1.0,0.0,3.0,1.0,1,0,0,0,0,0,0,0,0,0,0,0,0,0,0,0,0,0,2,2,0,0,0,0,0,0,0,0,0,0,0,0,0,0,3,1,0,6.0,,0.0,0.0,0.0,0.0,1.0,0.0,1.0,0.0
10,2,3654,2,1.0,0.0,2.0,1.0,0,0,1,0,0,0,0,0,0,0,0,0,0,0,0,0,0,0,0,1,0,0,1,2,2,0,0,0,0,0,0,0,0,0,5,3,0,1.0,,0.0,0.0,0.0,0.0,1.0,0.0,1.0,0.0
10,3,155,2,1.0,0.0,4.0,0.0,0,0,0,0,0,0,0,0,0,0,0,0,0,0,0,0,0,0,3,0,0,0,2,0,0,0,0,0,0,0,0,0,0,0,1,3,0,3.0,22.0,0.0,0.0,0.0,0.0,1.0,0.0,1.0,0.0
10,4,4987,2,1.0,0.0,1.0,1.0,0,0,0,0,0,0,0,0,0,0,0,0,0,0,0,0,0,0,0,0,0,0,0,0,0,0,0,0,0,0,0,0,0,0,0,0,0,1.0,,0.0,0.0,0.0,1.0,0.0,0.0,0.0,0.0
10,5,181,2,1.0,0.0,4.0,1.0,0,0,0,0,0,0,0,0,0,0,0,0,0,0,0,0,0,0,0,0,0,0,0,0,0,0,3,3,1,0,2,0,0,0,0,0,0,6.0,,0.0,0.0,0.0,0.0,0.0,0.0,0.0,1.0
10,6,558,2,1.0,0.0,3.0,1.0,0,0,0,0,1,0,0,0,0,0,0,0,0,0,0,0,0,0,5,0,0,0,2,0,0,0,0,0,0,0,0,0,0,0,0,7,0,3.0,22.0,0.0,0.0,0.0,0.0,0.0,0.0,1.0,0.0
11,1,7869,2,1.0,0.0,3.0,1.0,0,0,0,0,0,0,0,0,0,0,0,0,0,0,0,0,0,0,6,5,0,0,0,0,0,0,0,0,0,0,0,0,0,0,10,0,0,6.0,,0.0,0.0,0.0,0.0,0.0,0.0,1.0,0.0
11,2,5746,2,1.0,0.0,2.0,1.0,0,0,0,0,0,0,0,0,0,0,0,0,0,0,0,0,0,0,4,0,0,0,0,0,0,0,0,0,0,0,0,0,0,0,3,1,0,6.0,,0.0,0.0,0.0,0.0,1.0,0.0,1.0,0.0
11,3,1027,2,1.0,0.0,5.0,1.0,0,0,0,0,0,0,0,0,0,0,0,0,0,0,0,0,0,0,0,0,0,1,0,0,0,0,0,0,0,0,0,0,0,0,0,0,0,6.0,,1.0,0.0,0.0,1.0,0.0,0.0,1.0,0.0
11,4,8889,2,1.0,0.0,5.0,1.0,0,0,0,0,0,0,0,0,0,0,0,0,0,0,0,0,0,0,0,1,2,0,0,2,1,0,1,1,1,0,0,0,0,0,4,2,0,6.0,,0.0,0.0,0.0,0.0,0.0,0.0,1.0,1.0
11,5,195,2,1.0,0.0,2.0,1.0,3,0,0,0,0,0,0,0,0,0,0,0,0,0,2,0,0,0,7,5,4,0,0,0,0,0,0,0,0,0,0,0,0,0,16,0,0,5.0,5.0,0.0,0.0,0.0,0.0,0.0,1.0,1.0,0.0
11,6,1099,2,1.0,0.0,3.0,1.0,0,0,0,0,0,0,0,1,0,0,0,0,0,0,0,0,0,0,0,0,0,0,0,0,0,0,4,0,4,0,2,0,0,0,0,0,0,6.0,,0.0,0.0,0.0,0.0,1.0,0.0,0.0,1.0
12,1,5142,2,1.0,0.0,4.0,1.0,2,0,0,0,0,0,0,0,0,0,0,0,0,0,0,2,0,0,6,2,0,0,0,0,0,0,0,0,0,0,0,0,0,0,8,0,0,5.0,6.0,0.0,0.0,0.0,0.0,0.0,0.0,1.0,0.0
12,2,3634,2,1.0,0.0,3.0,1.0,0,0,0,0,0,0,0,0,0,0,0,0,0,0,0,0,0,0,0,0,0,5,0,0,0,5,0,0,0,0,0,0,0,0,0,9,0,5.0,9.0,0.0,0.0,0.0,0.0,1.0,0.0,1.0,0.0
12,3,236,2,1.0,0.0,1.0,1.0,0,0,0,0,0,0,0,0,0,0,0,0,0,0,0,0,0,0,0,0,0,0,0,0,0,0,6,4,0,0,0,0,0,0,0,0,0,5.0,35.0,0.0,0.0,0.0,0.0,0.0,0.0,0.0,0.0
12,4,6346,2,1.0,0.0,4.0,1.0,0,0,0,1,0,0,0,0,0,0,0,0,0,0,0,0,0,0,0,0,0,0,0,0,0,0,0,0,0,0,0,0,0,0,2,0,0,1.0,,0.0,1.0,0.0,0.0,0.0,0.0,1.0,0.0
12,5,228,2,1.0,0.0,2.0,1.0,1,0,0,0,1,0,0,0,0,0,0,0,0,0,1,0,0,0,3,2,2,0,1,0,2,0,0,0,0,0,0,0,0,0,11,0,0,5.0,7.0,0.0,0.0,0.0,0.0,0.0,0.0,1.0,0.0
12,6,175,2,1.0,0.0,3.0,1.0,0,0,0,0,0,0,0,0,0,0,0,0,0,0,0,0,0,0,2,3,0,0,1,0,0,0,2,2,0,0,0,0,0,0,0,7,0,6.0,,1.0,0.0,0.0,0.0,0.0,0.0,1.0,0.0
13,1,3464,2,1.0,0.0,1.0,1.0,0,0,0,0,0,0,0,0,0,0,0,0,0,0,0,0,0,0,5,4,1,1,0,0,0,0,0,0,0,0,0,0,0,0,8,2,0,6.0,,0.0,0.0,0.0,0.0,0.0,1.0,1.0,0.0
13,2,3146,2,1.0,0.0,3.0,0.0,1,0,0,0,0,0,0,0,0,0,0,0,0,0,0,0,0,0,1,0,3,1,1,0,0,0,3,0,0,0,0,0,0,0,0,6,0,5.0,15.0,0.0,0.0,0.0,0.0,0.0,0.0,1.0,0.0
13,3,10133,2,1.0,0.0,5.0,1.0,0,0,0,0,0,0,0,1,0,0,0,0,0,0,0,0,0,0,0,0,0,0,0,0,0,0,0,6,0,0,0,0,0,0,0,0,0,6.0,,0.0,0.0,0.0,0.0,0.0,0.0,0.0,0.0
13,4,173,2,1.0,0.0,1.0,1.0,0,0,0,0,2,0,0,0,1,0,0,0,0,0,1,0,0,0,5,5,1,1,1,2,0,0,2,0,0,0,0,0,0,0,15,0,0,6.0,,0.0,0.0,0.0,0.0,1.0,0.0,1.0,0.0
13,5,10266,2,1.0,0.0,2.0,0.0,0,0,0,0,0,0,0,0,0,0,0,0,0,0,0,0,0,0,0,0,0,0,0,0,0,0,0,0,0,0,0,0,0,0,0,0,0,1.0,,0.0,1.0,0.0,0.0,0.0,0.0,0.0,0.0
13,6,4048,2,1.0,0.0,4.0,1.0,1,0,1,0,0,0,0,0,0,0,0,0,0,0,0,1,0,0,6,2,0,0,1,0,0,0,0,0,0,0,0,0,0,0,0,11,0,3.0,26.0,0.0,0.0,0.0,0.0,1.0,0.0,1.0,0.0
14,1,2168,3,1.0,0.0,4.0,1.0,0,0,0,0,0,0,0,0,0,0,0,0,0,0,0,0,0,0,0,0,0,0,0,0,0,0,1,4,0,0,0,0,0,0,0,0,0,6.0,,0.0,1.0,0.0,1.0,1.0,0.0,0.0,0.0
14,2,3461,3,1.0,0.0,3.0,1.0,0,0,0,0,0,0,0,1,0,0,0,0,0,0,0,0,0,0,6,1,0,0,3,0,0,0,1,0,0,0,0,0,0,0,10,0,0,6.0,,0.0,0.0,0.0,0.0,1.0,0.0,1.0,0.0
14,3,571,3,1.0,0.0,2.0,0.0,0,0,0,0,0,0,0,0,0,0,0,0,0,0,0,0,0,0,0,0,0,0,0,0,0,0,0,0,0,0,0,0,0,0,0,0,0,1.0,,0.0,0.0,1.0,0.0,0.0,0.0,0.0,0.0
14,4,10245,3,1.0,0.0,3.0,1.0,0,0,0,1,0,0,0,0,0,0,0,0,0,0,0,0,0,0,0,0,0,0,0,0,0,0,0,0,0,0,0,0,0,0,0,0,0,6.0,,0.0,0.0,0.0,1.0,0.0,0.0,0.0,0.0
14,5,155,3,1.0,0.0,2.0,1.0,0,0,0,0,1,0,0,0,0,0,0,0,0,0,0,0,0,0,2,0,2,0,4,0,0,0,0,0,0,0,0,0,0,0,8,0,0,3.0,14.0,0.0,0.0,0.0,0.0,0.0,0.0,1.0,0.0
14,6,6333,3,1.0,0.0,4.0,1.0,0,0,0,0,0,0,0,0,0,0,0,0,0,0,0,0,0,0,4,1,0,2,3,0,0,0,0,0,0,0,0,0,0,0,0,9,0,6.0,,0.0,0.0,0.0,0.0,0.0,0.0,1.0,0.0
15,1,7127,3,1.0,0.0,2.0,1.0,0,0,0,0,0,0,0,0,0,0,0,0,0,0,0,0,0,0,11,3,0,0,0,0,0,0,0,0,0,0,0,0,0,0,12,1,0,1.0,,0.0,0.0,0.0,0.0,0.0,0.0,1.0,0.0
15,2,178,3,1.0,0.0,2.0,1.0,0,0,0,0,1,0,0,0,0,0,0,0,0,0,0,0,0,0,0,4,0,1,0,2,0,0,1,0,0,0,0,0,0,0,0,7,0,1.0,,0.0,0.0,0.0,0.0,0.0,0.0,1.0,0.0
15,3,2170,3,1.0,0.0,3.0,1.0,0,0,0,1,0,0,0,0,0,0,0,0,0,0,0,0,0,0,0,0,0,0,0,0,0,0,0,0,0,0,0,0,0,0,0,0,0,6.0,,0.0,0.0,0.0,1.0,0.0,0.0,0.0,0.0
15,4,5746,3,1.0,0.0,1.0,1.0,0,0,0,0,0,0,0,0,0,0,0,0,0,0,0,0,0,0,2,1,1,0,0,1,0,0,0,0,0,0,0,0,0,0,3,4,0,6.0,,0.0,0.0,0.0,0.0,1.0,0.0,1.0,0.0
15,5,9710,3,1.0,0.0,3.0,1.0,1,0,0,0,0,0,0,0,0,0,0,0,0,0,0,0,0,0,3,1,0,0,0,0,0,0,0,0,0,0,0,0,0,0,2,2,0,6.0,,0.0,0.0,0.0,0.0,0.0,0.0,1.0,0.0
15,6,7407,3,1.0,0.0,4.0,1.0,2,0,0,0,0,0,0,0,0,0,0,0,0,0,0,1,0,0,3,7,0,0,0,0,0,0,0,0,0,0,0,0,0,0,5,6,0,5.0,13.0,0.0,0.0,0.0,0.0,1.0,0.0,1.0,0.0
16,1,5142,3,1.0,0.0,2.0,1.0,2,0,0,0,0,0,0,0,0,0,0,0,0,0,2,0,0,0,2,3,3,0,0,0,0,0,0,0,0,0,0,0,0,0,8,0,0,5.0,10.0,0.0,0.0,0.0,0.0,0.0,0.0,1.0,0.0
16,2,7869,3,1.0,0.0,3.0,1.0,0,0,0,0,1,0,0,0,0,0,0,0,0,0,0,0,0,0,4,4,0,0,0,0,0,0,2,0,0,0,0,0,0,0,9,0,0,6.0,,0.0,0.0,0.0,0.0,0.0,0.0,1.0,0.0
16,3,195,3,1.0,0.0,4.0,1.0,3,0,0,0,0,0,0,0,0,0,0,0,0,0,0,2,0,0,0,2,5,5,0,0,0,2,1,3,0,0,0,0,0,0,0,9,0,5.0,20.0,0.0,0.0,0.0,0.0,0.0,1.0,1.0,0.0
16,4,236,3,1.0,0.0,2.0,1.0,0,0,0,0,1,0,0,0,0,0,0,0,0,0,0,0,0,0,7,1,0,0,0,0,0,0,0,0,0,0,0,0,0,0,8,0,0,5.0,6.0,0.0,0.0,0.0,0.0,0.0,0.0,1.0,0.0
16,5,6346,3,1.0,0.0,3.0,1.0,1,0,0,0,0,0,0,0,0,0,0,0,0,0,0,0,0,0,4,1,0,0,0,0,0,0,0,0,0,0,0,0,0,0,0,6,0,6.0,,0.0,0.0,0.0,0.0,0.0,0.0,1.0,0.0
16,6,1991,3,1.0,0.0,4.0,1.0,0,0,0,0,0,0,0,0,0,0,0,0,0,0,0,0,0,0,0,0,0,0,0,0,0,0,0,6,0,0,0,0,0,0,0,0,0,6.0,,0.0,0.0,0.0,1.0,0.0,0.0,0.0,0.0
17,1,10266,3,1.0,0.0,1.0,0.0,0,0,0,0,0,0,0,0,0,0,0,0,0,0,0,0,0,0,0,0,0,0,0,0,0,0,0,0,0,0,0,0,0,0,0,0,0,1.0,,0.0,0.0,0.0,1.0,0.0,0.0,0.0,0.0
17,2,1099,3,1.0,0.0,4.0,1.0,0,0,0,0,0,0,0,0,0,0,0,0,0,0,0,0,0,0,0,0,0,0,0,0,0,0,4,0,6,0,1,0,0,0,0,0,0,6.0,,0.0,0.0,0.0,0.0,0.0,0.0,0.0,1.0
17,3,7153,3,1.0,0.0,3.0,1.0,1,0,0,0,0,0,0,0,0,0,0,0,0,0,0,0,0,0,9,0,0,0,0,0,0,0,0,0,0,0,0,0,0,0,9,5,0,6.0,,0.0,0.0,0.0,0.0,0.0,0.0,1.0,0.0
17,4,173,3,1.0,0.0,5.0,1.0,1,0,0,0,0,0,0,0,0,0,0,0,0,0,0,0,0,0,5,2,0,0,1,0,0,1,1,0,0,0,0,0,0,0,6,4,0,6.0,,0.0,0.0,0.0,0.0,0.0,0.0,1.0,0.0
17,5,175,3,1.0,0.0,3.0,0.0,0,0,0,0,0,0,0,0,0,0,0,0,0,0,0,0,0,0,2,4,0,0,1,0,0,0,1,1,0,0,0,0,0,0,7,2,0,1.0,,0.0,0.0,0.0,0.0,1.0,0.0,1.0,0.0
17,6,3654,3,1.0,0.0,2.0,1.0,0,0,1,0,0,0,0,0,0,0,0,0,0,0,1,0,0,0,0,0,0,0,0,0,0,0,0,0,0,0,0,0,0,0,0,0,0,6.0,,0.0,1.0,0.0,1.0,0.0,0.0,1.0,0.0
18,1,8889,3,1.0,0.0,5.0,1.0,1,0,0,0,0,0,0,0,0,0,0,0,0,0,0,0,0,0,3,1,1,0,0,0,0,0,0,2,1,0,0,0,0,0,4,0,0,1.0,,0.0,0.0,0.0,0.0,0.0,0.0,1.0,0.0
18,2,228,3,1.0,0.0,2.0,1.0,1,0,0,0,0,0,0,0,0,0,0,0,0,0,0,0,0,0,4,1,4,0,0,0,0,0,0,0,0,0,0,0,0,0,0,7,0,6.0,,0.0,0.0,0.0,0.0,0.0,1.0,1.0,0.0
18,3,7694,3,1.0,0.0,3.0,1.0,0,0,0,0,1,0,0,0,0,0,0,0,0,0,0,0,0,0,0,3,0,0,0,0,0,0,2,0,0,0,0,0,0,0,0,4,0,6.0,,0.0,0.0,0.0,0.0,0.0,0.0,1.0,0.0
18,4,4048,3,1.0,0.0,4.0,1.0,1,0,0,0,0,0,1,0,0,0,0,0,0,0,0,1,0,0,3,3,2,0,0,0,0,0,2,0,0,0,0,0,0,0,9,0,0,4.0,20.0,0.0,0.0,0.0,0.0,0.0,0.0,1.0,0.0
18,5,181,3,1.0,0.0,1.0,1.0,0,0,0,0,0,0,0,0,0,0,0,0,0,0,0,0,0,0,0,0,0,0,0,0,0,0,2,5,0,4,0,0,0,0,0,0,0,6.0,,0.0,0.0,0.0,0.0,0.0,0.0,0.0,0.0
18,6,3464,3,1.0,0.0,3.0,1.0,0,0,0,0,1,0,0,0,0,0,0,0,0,0,0,0,0,0,6,4,3,1,0,0,0,0,0,1,0,0,0,0,0,0,0,14,0,1.0,,0.0,0.0,0.0,0.0,0.0,0.0,1.0,0.0
19,1,9193,3,1.0,0.0,4.0,0.0,0,0,0,0,0,0,0,0,0,0,0,0,0,0,0,0,0,0,0,0,0,3,0,0,0,1,0,0,0,0,0,0,0,0,4,0,0,1.0,,0.0,0.0,0.0,0.0,0.0,0.0,1.0,0.0
19,2,10133,3,1.0,0.0,3.0,1.0,0,0,0,1,0,0,0,0,0,0,0,0,0,0,0,0,0,0,0,0,0,3,0,0,0,0,0,1,0,0,0,0,0,0,0,2,0,6.0,,0.0,0.0,0.0,0.0,0.0,1.0,1.0,0.0
19,3,4987,3,1.0,0.0,1.0,0.0,0,0,0,0,0,0,0,0,0,0,0,0,0,0,0,0,0,0,0,0,0,0,0,0,0,0,0,0,0,0,0,0,0,0,0,0,0,6.0,,0.0,0.0,0.0,0.0,0.0,0.0,0.0,0.0
19,4,1350,3,1.0,0.0,4.0,1.0,0,0,0,0,0,0,0,0,0,0,0,0,0,0,0,0,0,0,0,0,0,0,0,1,0,0,0,0,0,0,0,0,0,0,0,1,0,1.0,,0.0,0.0,0.0,0.0,0.0,0.0,1.0,0.0
19,5,558,3,1.0,0.0,3.0,1.0,1,0,0,0,0,0,0,0,0,0,0,0,0,0,0,0,0,0,5,0,0,0,1,0,0,0,0,0,0,0,0,0,0,0,3,4,0,3.0,15.0,0.0,0.0,0.0,0.0,0.0,0.0,1.0,0.0
19,6,1027,3,1.0,0.0,1.0,1.0,0,0,0,0,0,0,0,0,0,0,0,0,0,0,0,0,0,0,0,0,0,2,0,0,0,1,0,0,0,0,0,0,0,0,2,0,0,6.0,,0.0,0.0,0.0,0.0,0.0,0.0,1.0,0.0
20,1,3146,3,1.0,0.0,1.0,1.0,0,0,0,0,0,0,0,0,0,0,0,0,0,0,0,0,0,0,4,1,2,0,0,0,0,0,0,0,0,0,0,0,0,0,6,1,0,4.0,12.0,0.0,0.0,0.0,0.0,0.0,0.0,1.0,0.0
20,2,3634,3,1.0,0.0,3.0,1.0,0,0,0,0,0,0,0,0,0,0,0,0,0,0,0,0,0,0,1,0,0,4,0,0,0,0,0,0,0,0,0,0,0,0,4,0,0,5.0,15.0,0.0,0.0,0.0,0.0,0.0,0.0,1.0,0.0
20,3,2170,4,1.0,0.0,5.0,1.0,0,0,0,0,0,0,0,0,0,0,0,0,0,0,0,0,0,0,0,3,5,0,0,0,2,0,3,0,0,0,0,0,0,0,2,8,0,1.0,,0.0,0.0,0.0,0.0,1.0,0.0,1.0,0.0
20,4,5856,3,1.0,0.0,3.0,1.0,0,0,0,0,0,0,0,0,0,0,0,0,0,0,0,0,0,0,0,0,0,0,0,0,0,0,0,0,0,0,0,0,0,0,0,0,0,6.0,,0.0,0.0,0.0,1.0,0.0,0.0,0.0,0.0
20,5,2168,4,1.0,0.0,4.0,1.0,0,0,0,1,0,0,0,0,0,0,0,0,0,0,0,1,0,0,6,0,0,1,0,0,0,0,0,0,0,0,0,0,0,0,6,0,0,6.0,,0.0,0.0,0.0,0.0,0.0,0.0,1.0,0.0
20,6,7869,4,1.0,0.0,1.0,1.0,0,0,0,0,0,0,0,0,0,0,0,0,0,0,0,0,0,0,7,4,0,0,1,0,0,0,0,0,0,0,0,0,0,0,1,10,0,1.0,,0.0,0.0,0.0,0.0,0.0,0.0,1.0,0.0
21,1,3654,4,1.0,1.0,,,0,0,0,0,0,0,0,0,0,0,0,0,0,0,0,0,0,0,0,0,0,0,0,0,0,0,0,0,0,0,0,0,0,0,0,0,0,,,,,,,,,,
21,2,6346,4,1.0,0.0,3.0,1.0,0,0,0,0,0,0,0,0,0,0,0,0,0,0,0,0,0,0,3,3,0,0,1,0,0,0,1,0,0,0,0,0,0,0,7,0,0,6.0,,0.0,0.0,0.0,0.0,0.0,0.0,1.0,0.0
21,3,195,4,1.0,0.0,4.0,1.0,3,0,0,0,0,0,0,0,0,0,0,0,0,0,0,2,0,0,2,4,5,5,0,0,0,0,1,3,0,0,0,0,0,0,0,10,0,5.0,20.0,0.0,0.0,0.0,0.0,0.0,1.0,1.0,0.0
21,4,1099,4,1.0,0.0,5.0,1.0,0,0,0,0,0,0,0,0,0,0,0,0,0,0,0,0,0,0,0,0,0,0,0,0,0,0,4,1,4,0,1,0,0,0,0,0,0,1.0,,0.0,0.0,0.0,0.0,0.0,0.0,0.0,1.0
21,5,6333,4,1.0,0.0,2.0,1.0,0,0,0,0,0,0,0,0,0,0,0,0,0,0,0,0,0,0,2,0,0,0,1,0,0,0,1,0,0,0,0,0,0,0,3,0,0,6.0,,1.0,0.0,0.0,0.0,0.0,0.0,1.0,0.0
21,6,9710,4,1.0,0.0,3.0,1.0,1,0,0,0,0,0,0,0,0,0,0,0,0,0,0,0,0,0,5,2,0,0,0,1,0,0,0,0,0,0,0,0,0,0,0,9,0,1.0,,0.0,0.0,0.0,0.0,0.0,0.0,1.0,0.0
22,1,10245,4,1.0,0.0,3.0,1.0,0,0,0,1,0,0,0,0,0,0,0,0,0,0,0,0,0,0,0,0,0,0,0,0,0,0,0,0,0,0,0,0,0,0,0,0,0,6.0,,0.0,0.0,0.0,1.0,0.0,0.0,0.0,0.0
22,2,5746,4,1.0,0.0,1.0,1.0,0,0,0,0,0,0,0,0,0,0,0,0,0,0,0,0,0,0,5,0,0,0,1,0,0,0,0,0,0,0,0,0,0,0,6,0,0,1.0,,0.0,0.0,0.0,0.0,0.0,0.0,1.0,0.0
22,3,178,4,1.0,0.0,4.0,1.0,0,0,1,0,0,0,0,0,1,0,0,0,0,0,0,1,0,0,0,3,2,0,0,1,0,0,1,0,0,0,0,0,0,0,0,7,0,1.0,,0.0,0.0,0.0,0.0,0.0,0.0,1.0,0.0
22,4,236,4,1.0,0.0,2.0,1.0,1,0,0,0,0,0,0,0,0,0,0,0,0,0,1,0,0,0,5,3,0,0,0,0,0,1,1,0,0,0,0,0,0,0,8,0,0,5.0,15.0,0.0,0.0,0.0,0.0,1.0,0.0,1.0,0.0
22,5,173,4,1.0,0.0,5.0,1.0,1,0,0,0,0,0,0,0,0,0,0,0,0,0,0,1,0,0,3,0,4,1,0,0,0,3,2,0,0,0,0,0,0,0,0,12,0,6.0,,0.0,0.0,0.0,0.0,0.0,0.0,1.0,0.0
22,6,3464,4,1.0,0.0,3.0,1.0,1,0,0,0,0,0,0,0,0,0,0,0,0,0,0,0,0,0,3,4,1,1,1,0,1,0,0,0,0,1,0,0,0,0,0,12,0,1.0,,0.0,0.0,0.0,0.0,1.0,1.0,1.0,0.0
23,1,7694,4,1.0,0.0,3.0,1.0,0,0,0,0,1,0,0,0,0,0,0,0,0,0,0,0,0,0,1,0,0,0,4,0,0,0,0,0,0,0,0,0,0,0,6,0,0,4.0,23.0,0.0,0.0,0.0,0.0,0.0,0.0,1.0,0.0
23,2,4987,4,1.0,0.0,5.0,1.0,0,0,0,0,0,0,0,0,0,0,0,0,0,0,0,0,0,0,0,0,0,0,0,0,0,0,0,0,0,0,0,0,0,0,0,0,0,6.0,,0.0,0.0,0.0,1.0,0.0,0.0,0.0,0.0
23,3,571,4,1.0,0.0,2.0,1.0,0,0,1,2,0,0,0,0,0,0,0,0,0,0,2,0,0,0,0,8,3,1,0,0,0,1,5,0,0,0,0,0,0,0,0,14,0,1.0,,0.0,0.0,0.0,0.0,0.0,0.0,1.0,0.0
23,4,3461,4,1.0,0.0,1.0,1.0,0,0,0,1,0,0,0,0,0,0,0,0,0,0,0,0,0,0,5,2,0,0,2,0,0,0,1,0,0,0,0,0,0,0,9,0,0,6.0,,0.0,0.0,0.0,0.0,1.0,0.0,1.0,0.0
23,5,5142,4,1.0,0.0,4.0,1.0,1,0,0,0,1,0,0,0,0,0,0,0,0,0,0,2,0,0,2,0,0,0,0,0,0,0,1,1,0,0,0,0,0,0,0,3,0,3.0,25.0,0.0,0.0,1.0,0.0,1.0,0.0,1.0,0.0
23,6,175,4,1.0,0.0,3.0,1.0,1,0,0,0,0,0,0,0,0,0,0,0,0,0,0,0,0,0,1,2,0,1,0,0,0,1,1,0,0,0,0,0,0,0,3,2,0,1.0,,0.0,0.0,0.0,0.0,0.0,0.0,1.0,0.0
24,1,8889,4,1.0,0.0,1.0,1.0,0,0,0,0,0,0,0,0,0,0,0,0,0,0,0,0,0,0,5,0,0,0,0,0,0,0,0,0,0,0,0,0,0,0,5,0,0,1.0,,0.0,0.0,1.0,0.0,0.0,0.0,1.0,0.0
24,2,4048,4,1.0,0.0,4.0,1.0,1,0,0,1,0,0,0,0,0,0,0,0,0,0,0,1,0,0,6,0,1,0,2,0,0,0,0,0,0,0,0,0,0,0,0,9,0,4.0,4.0,0.0,0.0,0.0,0.0,0.0,0.0,1.0,0.0
24,3,10133,4,1.0,0.0,3.0,1.0,0,0,0,1,0,0,0,0,0,0,0,0,0,0,0,0,0,0,0,0,0,0,0,0,0,0,0,0,0,0,0,0,0,0,0,0,0,6.0,,0.0,0.0,0.0,1.0,0.0,0.0,0.0,0.0
24,4,9193,4,1.0,0.0,2.0,0.0,0,0,0,0,0,0,0,0,0,0,0,0,0,0,0,0,0,0,0,0,0,1,0,0,0,3,0,0,0,0,0,0,0,0,4,0,0,6.0,,0.0,0.0,0.0,0.0,0.0,0.0,1.0,0.0
24,5,7153,4,1.0,0.0,3.0,1.0,1,0,0,0,0,0,0,0,1,0,0,0,0,0,0,0,0,0,10,0,0,0,0,0,0,0,0,0,0,0,0,0,0,0,11,0,0,1.0,,0.0,0.0,0.0,0.0,0.0,0.0,1.0,0.0
24,6,3634,4,1.0,0.0,5.0,1.0,0,0,0,0,0,0,0,0,0,0,0,0,0,0,0,0,0,0,0,0,0,7,0,0,0,2,0,0,0,0,0,0,0,0,7,2,0,5.0,19.0,0.0,0.0,0.0,0.0,0.0,0.0,1.0,0.0
25,1,10266,4,1.0,0.0,1.0,0.0,0,0,0,0,0,0,0,0,0,0,0,0,0,0,0,0,0,0,0,0,0,0,0,0,0,0,0,0,0,0,0,0,0,0,0,0,0,6.0,,0.0,1.0,0.0,1.0,0.0,0.0,0.0,0.0
25,2,1991,4,1.0,0.0,3.0,1.0,0,0,0,1,0,0,0,0,0,0,0,0,0,0,0,0,0,0,0,0,0,0,0,0,0,0,1,6,0,0,0,0,0,0,0,0,0,6.0,,1.0,0.0,0.0,0.0,0.0,0.0,0.0,0.0
25,3,1350,4,1.0,0.0,3.0,1.0,0,0,0,0,0,0,0,0,0,0,0,0,0,0,0,0,0,0,0,6,0,0,0,1,0,0,1,0,0,0,0,0,0,0,0,10,0,1.0,,0.0,0.0,0.0,0.0,0.0,0.0,1.0,0.0
25,4,7127,4,1.0,0.0,2.0,1.0,2,0,0,0,0,0,0,0,0,0,0,0,0,0,0,1,0,0,3,5,2,1,0,0,0,0,1,3,0,0,0,0,0,0,4,7,0,6.0,,0.0,0.0,0.0,0.0,0.0,0.0,1.0,0.0
25,5,558,4,1.0,0.0,3.0,1.0,1,0,0,0,0,0,0,0,0,0,0,0,0,0,0,0,0,0,1,0,0,0,0,0,0,0,2,2,0,0,0,0,0,0,1,0,0,5.0,12.0,0.0,0.0,0.0,0.0,0.0,0.0,1.0,0.0
25,6,7407,4,1.0,0.0,4.0,1.0,2,0,0,0,0,0,0,0,0,0,0,0,0,0,0,2,0,0,0,4,1,0,0,0,0,0,2,2,0,0,0,0,0,0,0,5,0,6.0,,0.0,0.0,0.0,0.0,0.0,0.0,1.0,0.0
26,1,228,4,1.0,0.0,2.0,1.0,0,0,0,0,2,0,0,0,0,0,0,0,0,0,2,0,0,0,6,2,1,0,1,0,0,0,0,0,0,0,0,0,0,0,7,2,0,5.0,16.0,0.0,0.0,0.0,0.0,0.0,0.0,1.0,0.0
26,2,5856,4,1.0,0.0,3.0,1.0,0,0,0,0,0,0,0,0,0,0,0,0,0,0,0,0,0,0,0,0,0,0,0,0,0,0,0,0,0,0,0,0,0,0,0,0,0,6.0,,0.0,0.0,0.0,1.0,0.0,0.0,0.0,0.0
26,3,181,4,1.0,0.0,5.0,1.0,0,0,0,0,0,0,0,0,0,0,0,0,0,0,0,0,0,0,0,0,0,0,0,0,0,0,3,3,1,0,0,0,0,0,0,0,0,1.0,,0.0,0.0,1.0,0.0,0.0,0.0,0.0,1.0
26,4,1027,4,1.0,0.0,1.0,1.0,0,0,0,0,0,0,0,0,0,0,0,0,0,0,0,0,0,0,0,0,0,0,0,0,0,0,0,0,0,0,0,0,0,0,0,0,0,6.0,,1.0,0.0,0.0,1.0,0.0,0.0,0.0,0.0
26,5,3146,4,1.0,0.0,3.0,1.0,1,0,0,0,0,0,0,0,0,0,0,0,0,0,0,0,0,0,3,3,0,0,0,0,0,0,2,2,0,0,0,0,0,0,6,0,0,6.0,,0.0,0.0,0.0,0.0,0.0,0.0,1.0,0.0
26,6,155,4,3.0,1.0,4.0,1.0,1,0,0,0,0,0,0,0,0,0,0,0,0,0,0,0,0,0,0,0,1,0,9,0,0,0,0,0,0,0,0,0,0,0,0,10,0,1.0,,0.0,0.0,0.0,0.0,1.0,0.0,1.0,0.0
27,1,173,5,1.0,0.0,5.0,1.0,1,0,0,0,0,0,0,0,0,0,0,0,0,0,0,1,0,0,5,2,0,0,0,0,0,0,2,0,0,0,0,0,0,0,6,1,0,6.0,,0.0,0.0,0.0,0.0,0.0,0.0,1.0,0.0
27,2,7694,5,1.0,0.0,2.0,1.0,1,0,0,0,0,0,0,0,0,0,0,0,0,0,0,0,0,0,1,0,0,0,1,0,1,0,0,0,0,0,0,0,0,0,2,4,0,5.0,24.0,0.0,0.0,0.0,0.0,0.0,0.0,1.0,0.0
27,3,7869,5,1.0,0.0,3.0,1.0,0,0,0,0,0,0,0,0,0,0,0,0,0,0,0,0,0,0,2,4,0,0,0,0,0,0,2,0,0,0,0,0,0,0,3,3,0,6.0,,0.0,0.0,0.0,0.0,1.0,0.0,1.0,0.0
27,4,5142,5,1.0,0.0,2.0,1.0,2,0,0,0,1,0,0,0,0,0,0,0,0,0,2,0,0,0,4,3,4,0,0,0,0,0,2,0,0,0,0,0,0,0,11,0,0,3.0,20.0,0.0,0.0,0.0,0.0,0.0,0.0,1.0,0.0
27,5,4987,5,1.0,0.0,3.0,1.0,0,0,0,0,0,0,0,1,0,0,0,0,0,0,0,0,0,0,0,0,0,0,0,0,0,0,0,0,0,0,0,0,0,0,0,0,0,1.0,,0.0,0.0,0.0,1.0,0.0,0.0,0.0,0.0
27,6,5746,5,1.0,0.0,5.0,1.0,0,0,0,0,0,0,0,0,0,0,0,0,0,0,0,0,0,0,1,0,0,0,0,0,0,0,0,0,0,0,0,0,0,0,0,0,0,1.0,,1.0,1.0,0.0,0.0,0.0,0.0,0.0,0.0
28,1,9710,5,1.0,0.0,1.0,1.0,1,0,0,0,0,0,0,0,0,0,0,0,0,0,0,0,0,0,0,0,0,0,0,0,0,0,0,0,0,0,0,0,0,0,0,0,0,1.0,,0.0,1.0,1.0,0.0,0.0,0.0,0.0,0.0
28,2,9193,5,1.0,0.0,1.0,0.0,0,0,0,0,0,0,0,0,0,0,0,0,0,0,0,0,0,0,0,0,0,1,0,0,0,0,0,0,0,0,0,0,0,0,0,0,0,1.0,,0.0,0.0,0.0,1.0,0.0,0.0,0.0,0.0
28,3,4048,5,1.0,0.0,4.0,1.0,1,0,0,0,0,0,0,1,0,0,0,0,0,0,0,1,0,0,6,0,0,0,1,0,0,0,0,0,0,0,0,0,0,0,0,7,0,6.0,,1.0,0.0,0.0,0.0,0.0,0.0,1.0,0.0
28,4,7153,5,1.0,0.0,3.0,1.0,1,0,0,0,0,0,0,0,1,0,0,0,0,0,0,0,0,0,4,5,1,0,0,0,0,0,0,0,0,0,0,0,0,0,9,0,0,1.0,,0.0,0.0,0.0,0.0,0.0,0.0,1.0,0.0
28,5,6333,5,1.0,0.0,4.0,1.0,0,0,0,0,0,0,0,0,0,0,0,0,0,0,0,0,0,0,1,0,0,0,2,1,0,0,1,0,0,0,0,0,0,0,1,1,0,6.0,,0.0,0.0,0.0,0.0,0.0,1.0,1.0,0.0
28,6,236,5,1.0,0.0,2.0,1.0,0,0,0,0,1,0,0,0,0,0,0,0,0,0,0,0,0,0,4,2,0,0,1,0,0,0,0,0,0,0,0,0,0,0,0,7,0,5.0,6.0,0.0,0.0,0.0,0.0,1.0,0.0,1.0,0.0
29,1,558,5,1.0,0.0,3.0,1.0,0,0,0,0,1,0,0,0,0,0,0,0,0,0,0,0,0,0,4,0,0,0,2,0,0,0,0,0,0,0,0,0,0,0,5,1,0,6.0,,0.0,0.0,0.0,0.0,0.0,0.0,1.0,0.0
29,2,3654,5,1.0,0.0,1.0,1.0,0,0,1,0,1,0,0,0,0,0,0,0,0,0,1,0,0,0,2,0,2,0,1,0,0,0,0,0,0,0,0,0,0,0,4,1,0,6.0,,0.0,0.0,0.0,0.0,1.0,0.0,1.0,0.0
29,3,2168,5,1.0,0.0,4.0,1.0,0,0,0,0,0,0,0,1,0,0,0,0,0,0,0,0,0,0,5,0,0,0,1,0,0,0,0,1,0,1,0,0,0,0,1,5,0,6.0,,0.0,0.0,0.0,0.0,0.0,0.0,1.0,0.0
29,4,3464,5,1.0,0.0,3.0,1.0,1,0,0,0,0,0,0,0,0,0,0,0,0,0,0,0,0,0,8,0,0,1,0,0,0,0,0,0,0,0,0,0,0,0,9,0,0,1.0,,0.0,0.0,0.0,0.0,0.0,0.0,1.0,0.0
29,5,571,5,1.0,0.0,2.0,1.0,0,0,2,0,0,0,1,0,0,0,0,0,0,0,2,0,0,0,0,3,2,3,0,0,0,0,2,0,0,0,0,0,0,0,2,6,0,1.0,,0.0,0.0,0.0,0.0,0.0,0.0,1.0,0.0
29,6,8889,5,1.0,0.0,4.0,1.0,0,0,0,0,0,0,0,0,0,0,0,0,0,0,0,0,0,0,0,0,0,1,0,0,0,0,1,0,0,0,0,0,0,0,0,1,0,1.0,,0.0,0.0,0.0,1.0,0.0,0.0,1.0,0.0
30,1,181,5,1.0,0.0,4.0,1.0,0,0,0,0,0,0,0,0,0,0,0,0,0,0,0,0,0,0,0,0,0,0,0,0,0,0,0,0,0,0,0,0,0,0,0,0,0,6.0,,0.0,0.0,0.0,1.0,0.0,0.0,0.0,0.0
30,2,2170,5,1.0,0.0,3.0,1.0,0,0,0,0,0,0,1,0,0,0,0,0,0,0,0,0,0,0,0,6,0,0,0,0,0,0,0,0,0,0,0,0,0,0,1,6,0,5.0,22.0,0.0,0.0,0.0,0.0,0.0,0.0,1.0,0.0
30,3,10266,5,1.0,0.0,1.0,1.0,0,0,0,0,0,0,0,0,0,0,0,0,0,0,0,0,0,0,0,0,0,0,0,0,0,0,0,0,0,0,0,0,0,0,0,0,0,6.0,,0.0,0.0,1.0,0.0,0.0,0.0,0.0,0.0
30,4,155,5,1.0,0.0,1.0,1.0,0,0,0,0,1,0,0,0,0,0,0,0,0,0,0,0,0,0,6,0,0,0,1,0,0,0,0,0,0,0,0,0,0,0,2,5,0,5.0,15.0,0.0,0.0,0.0,0.0,0.0,0.0,1.0,0.0
30,5,1350,5,1.0,0.0,4.0,1.0,0,0,0,0,0,0,0,0,0,0,0,0,0,0,0,0,0,0,0,5,2,0,0,0,0,0,1,0,0,0,0,0,0,0,4,2,0,6.0,,0.0,0.0,0.0,0.0,0.0,0.0,1.0,0.0
30,6,6346,5,1.0,0.0,3.0,1.0,1,0,0,0,0,0,0,0,0,0,0,0,0,0,0,0,0,0,2,0,1,2,0,0,0,0,1,0,0,0,0,0,0,0,4,3,0,6.0,,0.0,0.0,0.0,0.0,1.0,0.0,1.0,0.0
31,1,175,5,1.0,0.0,3.0,0.0,0,0,0,0,0,0,0,0,0,0,0,0,0,0,0,0,0,0,1,2,1,1,1,0,0,1,1,0,0,0,0,0,0,0,10,0,0,6.0,,0.0,0.0,0.0,0.0,0.0,0.0,1.0,0.0
31,2,3146,5,1.0,0.0,1.0,1.0,0,0,0,0,0,0,0,0,0,0,0,0,0,0,0,0,0,0,4,0,0,2,0,0,0,1,0,0,0,0,0,0,0,0,7,0,0,5.0,19.0,0.0,0.0,0.0,0.0,1.0,0.0,1.0,0.0
31,3,7127,5,1.0,0.0,4.0,1.0,1,0,0,0,0,0,0,0,0,0,0,0,0,0,0,0,0,0,5,4,2,0,1,0,0,1,2,0,0,0,0,0,0,0,0,14,0,1.0,,0.0,0.0,0.0,0.0,0.0,0.0,1.0,0.0
31,4,1099,5,1.0,0.0,5.0,1.0,0,0,0,0,0,0,0,0,0,0,0,0,0,0,0,0,0,0,0,0,0,0,0,0,0,0,5,0,7,0,0,0,0,0,0,0,0,1.0,,0.0,0.0,0.0,0.0,0.0,0.0,0.0,1.0
31,5,10245,5,1.0,0.0,3.0,1.0,0,0,0,1,0,0,0,0,0,0,0,0,0,0,0,0,0,0,0,0,0,10,0,0,0,3,0,0,0,0,0,0,0,0,14,0,0,1.0,,0.0,0.0,0.0,0.0,0.0,0.0,1.0,0.0
31,6,5856,5,1.0,0.0,1.0,1.0,0,0,0,0,0,0,0,0,0,0,0,0,0,0,0,0,0,0,0,0,0,0,0,0,0,0,0,0,0,0,0,0,0,0,0,0,0,6.0,,0.0,0.0,0.0,1.0,0.0,0.0,0.0,0.0
32,1,195,5,1.0,0.0,2.0,1.0,2,0,0,0,1,0,0,0,0,0,0,0,0,0,2,0,0,0,3,2,3,5,0,0,0,0,1,1,0,0,0,0,0,0,9,0,0,5.0,20.0,0.0,0.0,0.0,0.0,0.0,1.0,1.0,0.0
32,2,7407,5,1.0,0.0,5.0,1.0,2,0,0,0,0,0,0,0,0,0,0,0,0,0,0,1,0,0,2,6,3,0,0,0,0,0,2,0,0,0,0,0,0,0,2,10,0,5.0,18.0,0.0,0.0,0.0,0.0,0.0,0.0,1.0,0.0
32,3,3461,5,1.0,0.0,3.0,1.0,0,0,0,1,0,0,0,0,0,0,0,0,0,0,0,0,0,0,2,1,4,0,0,0,0,2,0,0,0,0,0,0,0,0,2,8,0,6.0,,0.0,0.0,0.0,0.0,1.0,0.0,1.0,0.0
32,4,3634,5,1.0,0.0,3.0,1.0,0,0,0,0,0,0,0,0,0,0,0,0,0,0,0,0,0,0,1,0,0,5,0,0,0,0,0,0,0,0,0,0,0,0,5,0,0,6.0,,0.0,0.0,0.0,0.0,0.0,0.0,1.0,0.0
32,5,1027,5,1.0,0.0,1.0,1.0,0,0,0,0,0,0,0,0,0,0,0,0,0,0,0,0,0,0,0,0,0,0,0,0,0,0,0,0,0,0,0,0,0,0,0,0,0,6.0,,0.0,0.0,0.0,1.0,0.0,0.0,0.0,0.0
32,6,10133,5,1.0,0.0,5.0,1.0,0,0,0,0,0,0,0,0,0,0,0,0,0,0,0,0,0,0,0,0,0,0,0,0,0,0,0,3,0,0,0,2,0,0,0,0,0,6.0,,0.0,0.0,0.0,1.0,0.0,1.0,1.0,0.0
33,1,1991,5,1.0,0.0,5.0,1.0,0,0,0,0,0,0,0,0,0,0,0,0,0,0,0,0,0,0,0,0,0,0,0,0,0,0,1,3,0,0,0,2,0,0,0,0,0,6.0,,0.0,0.0,0.0,0.0,0.0,0.0,0.0,0.0
33,2,228,5,1.0,0.0,2.0,1.0,0,0,0,0,1,0,0,0,0,0,0,0,0,0,0,0,0,0,2,0,5,0,2,0,0,0,0,0,0,0,0,0,0,0,10,0,0,5.0,20.0,1.0,0.0,0.0,1.0,0.0,0.0,1.0,0.0
33,3,7869,6,1.0,0.0,3.0,1.0,0,0,0,0,0,0,0,0,0,0,0,0,0,0,0,0,0,0,7,6,0,1,0,1,0,0,0,0,0,0,0,0,0,0,0,14,0,6.0,,0.0,0.0,0.0,0.0,0.0,0.0,1.0,0.0
33,4,178,5,1.0,0.0,5.0,1.0,0,0,1,0,0,0,0,0,1,0,0,0,0,0,0,1,0,0,0,4,0,0,1,2,0,0,2,0,0,0,0,0,0,0,7,0,0,6.0,,0.0,0.0,0.0,0.0,1.0,0.0,1.0,0.0
33,5,3654,6,1.0,0.0,3.0,0.0,0,0,0,0,0,0,0,0,0,0,0,0,0,0,0,0,0,0,1,0,0,0,0,0,0,0,0,0,0,0,0,0,0,0,1,0,0,6.0,,0.0,0.0,0.0,0.0,0.0,0.0,1.0,0.0
33,6,7694,6,1.0,0.0,1.0,1.0,0,0,0,0,0,0,0,0,0,0,0,0,0,0,0,0,0,0,3,0,0,0,1,0,0,0,0,0,0,0,0,0,0,0,0,3,0,5.0,32.0,0.0,0.0,0.0,0.0,0.0,0.0,1.0,0.0
34,1,5746,6,1.0,0.0,1.0,1.0,0,0,0,0,0,0,0,0,0,0,0,0,0,0,0,0,0,0,0,0,5,0,0,0,0,0,0,0,0,0,0,0,0,0,4,0,0,6.0,,0.0,0.0,0.0,0.0,0.0,0.0,1.0,0.0
34,2,558,6,1.0,0.0,5.0,1.0,0,0,0,0,1,0,0,0,0,0,0,0,0,0,0,0,0,0,3,0,0,0,1,0,0,0,1,0,0,0,0,0,0,0,2,2,0,5.0,25.0,0.0,0.0,0.0,0.0,0.0,0.0,1.0,0.0
34,3,7153,6,1.0,0.0,3.0,1.0,1,0,0,0,0,0,0,0,0,0,0,0,0,0,0,0,0,0,6,6,0,0,0,0,0,0,0,0,0,0,0,0,0,0,0,14,0,1.0,,0.0,0.0,0.0,0.0,0.0,0.0,1.0,0.0
34,4,6333,6,1.0,0.0,3.0,1.0,0,0,0,0,1,0,0,0,1,0,0,0,0,0,0,0,0,0,2,2,0,0,0,1,0,2,1,0,0,0,0,0,0,0,11,0,0,1.0,,0.0,0.0,0.0,0.0,0.0,0.0,1.0,0.0
34,5,5142,6,1.0,0.0,5.0,1.0,1,0,0,0,0,0,0,0,0,0,0,0,0,0,0,0,0,0,4,3,3,1,0,0,0,0,0,0,0,0,0,0,0,0,0,12,0,6.0,,0.0,0.0,0.0,0.0,0.0,0.0,1.0,0.0
34,6,181,6,1.0,0.0,1.0,1.0,0,0,0,0,0,0,0,0,0,0,0,0,0,0,0,0,0,0,0,0,0,0,0,0,0,0,2,6,0,2,0,0,0,0,0,0,0,1.0,,0.0,0.0,0.0,0.0,0.0,0.0,0.0,0.0
35,1,3146,6,1.0,0.0,3.0,1.0,1,0,0,0,0,0,0,0,0,0,0,0,0,0,0,0,0,0,9,0,0,0,0,0,0,0,0,0,0,0,0,0,0,0,9,0,0,3.0,3.0,0.0,0.0,0.0,0.0,0.0,0.0,1.0,0.0
35,2,1350,6,1.0,0.0,4.0,1.0,0,0,0,0,0,0,0,0,0,0,0,0,0,0,0,0,0,0,0,0,0,0,0,0,0,0,0,0,0,0,0,0,0,0,0,0,0,1.0,,0.0,0.0,1.0,0.0,0.0,0.0,0.0,0.0
35,3,4987,6,1.0,0.0,1.0,1.0,0,0,0,0,0,0,0,0,0,0,0,0,0,0,0,0,0,0,0,0,0,0,0,0,0,0,0,0,0,0,0,0,0,0,0,0,0,6.0,,0.0,0.0,0.0,1.0,0.0,0.0,0.0,0.0
35,4,571,6,1.0,0.0,2.0,1.0,2,0,0,0,0,0,0,0,0,0,0,0,0,0,1,0,0,0,0,2,3,3,0,0,0,0,1,0,0,0,0,0,0,0,9,0,0,1.0,,0.0,0.0,0.0,0.0,0.0,0.0,1.0,0.0
35,5,9193,6,1.0,0.0,5.0,0.0,0,0,0,0,0,0,0,0,0,0,0,0,0,0,0,0,0,0,0,0,0,2,0,0,0,0,0,0,0,0,0,0,0,0,2,3,0,1.0,,1.0,0.0,0.0,0.0,1.0,0.0,1.0,0.0
35,6,6346,6,1.0,0.0,3.0,1.0,1,0,0,0,0,0,0,0,0,0,0,0,0,0,0,0,0,0,4,0,0,0,1,0,0,0,0,0,0,0,0,0,0,0,1,4,0,6.0,,0.0,0.0,0.0,0.0,1.0,0.0,1.0,0.0
36,1,8889,6,1.0,0.0,5.0,1.0,0,0,0,0,0,1,0,0,0,0,0,0,0,0,0,0,0,0,4,1,0,0,0,0,0,0,4,4,0,0,0,0,0,0,0,6,0,1.0,,0.0,0.0,0.0,0.0,0.0,0.0,1.0,0.0
36,2,9710,6,1.0,0.0,3.0,1.0,0,0,0,0,1,0,0,0,0,0,0,0,0,0,0,0,0,0,4,2,0,0,0,0,0,0,0,0,0,0,0,0,0,0,6,2,0,1.0,,0.0,0.0,0.0,0.0,0.0,0.0,1.0,0.0
36,3,7127,6,1.0,0.0,2.0,1.0,1,0,0,0,0,0,0,0,0,0,0,0,0,0,0,0,0,0,1,2,0,0,0,0,0,0,0,0,0,0,0,0,0,0,0,3,0,1.0,,0.0,0.0,1.0,0.0,0.0,0.0,1.0,0.0
36,4,236,6,1.0,0.0,2.0,1.0,0,0,0,0,0,0,1,0,0,0,0,0,0,0,0,0,0,0,0,0,0,0,0,0,0,0,6,4,0,0,0,0,0,0,1,0,0,4.0,13.0,0.0,0.0,0.0,0.0,0.0,0.0,1.0,0.0
36,5,3461,6,1.0,0.0,5.0,1.0,0,0,1,0,0,0,0,0,0,0,0,0,0,0,0,0,0,0,2,0,0,0,0,0,0,0,0,0,0,0,0,0,0,0,1,2,0,6.0,,0.0,0.0,1.0,0.0,0.0,0.0,1.0,0.0
36,6,10266,6,1.0,0.0,3.0,0.0,0,0,0,0,0,0,0,0,0,0,0,0,0,0,0,0,0,0,0,0,0,0,0,0,0,0,0,0,0,0,0,0,0,0,0,0,0,1.0,,0.0,0.0,1.0,0.0,0.0,0.0,0.0,0.0
37,1,228,6,3.0,0.0,2.0,1.0,1,0,0,0,1,0,0,0,0,0,0,0,0,0,1,0,0,0,3,2,5,0,0,0,0,0,0,0,0,0,0,0,0,0,9,0,0,5.0,20.0,0.0,0.0,0.0,0.0,0.0,0.0,1.0,0.0
37,2,155,6,1.0,0.0,4.0,1.0,0,0,0,0,1,0,0,0,0,0,0,0,0,0,0,0,0,0,3,0,0,0,2,0,0,0,0,0,0,0,0,0,0,0,1,4,0,5.0,25.0,0.0,0.0,0.0,0.0,0.0,0.0,1.0,0.0
37,3,3464,6,1.0,0.0,3.0,1.0,1,0,0,0,0,0,0,0,0,0,0,0,0,0,0,0,0,0,6,0,0,0,0,0,0,0,1,2,0,0,0,0,0,0,0,7,0,1.0,,0.0,0.0,0.0,0.0,1.0,0.0,1.0,0.0
37,4,175,6,1.0,0.0,3.0,1.0,0,0,0,0,1,0,0,0,0,0,0,0,0,0,0,0,0,0,0,0,0,0,0,0,0,0,0,0,0,0,0,0,0,0,0,0,0,1.0,,1.0,0.0,1.0,1.0,0.0,0.0,0.0,0.0
37,5,10245,6,1.0,0.0,5.0,1.0,0,0,0,1,0,0,0,0,0,0,0,0,0,0,0,0,0,0,0,0,0,5,0,0,0,0,0,0,0,0,0,0,0,0,7,4,0,6.0,,0.0,0.0,0.0,0.0,0.0,0.0,1.0,0.0
37,6,195,6,1.0,0.0,1.0,1.0,1,0,0,0,0,0,0,0,0,0,0,0,0,0,1,0,0,0,9,2,0,0,2,0,0,0,2,0,0,0,0,0,0,0,1,11,0,5.0,7.0,0.0,0.0,0.0,0.0,0.0,1.0,1.0,0.0
38,1,1991,6,1.0,0.0,3.0,0.0,0,0,0,0,0,0,0,0,0,0,0,0,0,0,0,0,0,0,0,0,0,0,0,0,0,0,6,8,0,0,0,0,0,0,0,0,0,6.0,,0.0,0.0,0.0,0.0,0.0,0.0,0.0,0.0
38,2,10133,6,1.0,0.0,1.0,1.0,0,0,0,0,0,0,0,1,0,0,0,0,0,0,0,0,0,0,0,0,0,0,0,0,0,1,0,2,0,0,0,0,0,0,2,0,0,6.0,,0.0,1.0,0.0,0.0,0.0,0.0,1.0,0.0
38,3,173,6,1.0,0.0,5.0,1.0,1,0,0,0,0,0,0,0,0,0,0,0,0,0,0,0,0,0,5,5,5,0,0,1,1,1,0,0,0,0,0,0,0,0,0,18,0,6.0,,0.0,0.0,0.0,0.0,1.0,0.0,1.0,0.0
38,4,2170,6,1.0,0.0,3.0,1.0,0,0,0,0,0,0,0,1,0,0,0,0,0,0,0,0,0,0,0,6,2,0,0,0,0,0,3,0,0,0,0,0,0,0,8,0,0,6.0,,0.0,0.0,0.0,0.0,0.0,0.0,1.0,0.0
38,5,4048,6,1.0,0.0,5.0,1.0,0,0,1,0,0,0,0,0,0,0,0,0,0,0,0,0,0,0,9,0,0,0,0,0,0,0,0,0,0,0,0,0,0,0,1,8,0,5.0,6.0,0.0,0.0,0.0,0.0,0.0,0.0,1.0,0.0
38,6,5856,6,1.0,0.0,2.0,1.0,0,0,0,0,0,0,0,0,0,0,0,0,0,0,0,0,0,0,0,0,0,0,0,0,0,0,0,0,0,0,0,0,0,0,0,0,0,6.0,,0.0,0.0,0.0,1.0,0.0,0.0,0.0,0.0
39,1,1099,6,1.0,0.0,1.0,1.0,0,0,0,0,0,0,0,0,0,0,0,0,0,0,0,0,0,0,0,0,0,0,0,0,0,0,2,0,5,0,1,0,0,0,0,0,0,6.0,,0.0,0.0,0.0,0.0,0.0,0.0,0.0,1.0
39,2,178,6,1.0,0.0,4.0,1.0,0,1,0,0,0,0,0,0,0,0,0,0,0,0,0,0,0,0,0,4,0,0,0,2,0,0,1,0,0,0,0,0,0,0,5,1,0,6.0,,0.0,0.0,0.0,0.0,0.0,0.0,1.0,0.0
39,3,3634,6,1.0,0.0,3.0,1.0,0,0,0,0,0,0,0,0,0,0,0,0,0,0,0,0,0,0,0,0,0,9,0,0,0,1,0,0,0,0,0,0,0,0,0,10,0,5.0,20.0,0.0,0.0,0.0,0.0,1.0,0.0,1.0,0.0
39,4,2168,6,1.0,0.0,3.0,1.0,0,0,0,0,1,0,0,0,0,0,0,0,0,0,0,0,0,0,3,0,0,4,0,0,0,1,0,0,0,0,0,0,0,0,8,0,0,6.0,,0.0,0.0,0.0,0.0,0.0,0.0,1.0,0.0
39,5,7407,6,1.0,0.0,4.0,1.0,2,0,0,0,0,0,0,0,0,0,0,0,0,0,0,2,0,0,2,0,0,0,0,0,0,0,3,5,0,0,0,0,0,0,0,4,0,5.0,2.0,1.0,0.0,0.0,0.0,0.0,0.0,1.0,0.0
39,6,1027,6,1.0,1.0,1.0,,0,0,0,0,0,0,0,0,0,0,0,0,0,0,0,0,0,0,0,0,0,0,0,0,0,0,0,0,0,0,0,0,0,0,0,0,0,,,,,,,,,,
40,1,6333,7,1.0,0.0,3.0,1.0,0,0,0,0,0,0,0,0,0,0,0,0,0,0,0,0,0,0,7,0,0,0,2,0,0,0,0,0,0,0,0,0,0,0,8,0,0,6.0,,0.0,0.0,0.0,0.0,0.0,0.0,1.0,0.0
40,2,1350,7,1.0,0.0,4.0,1.0,0,0,0,0,0,0,0,0,0,0,0,0,0,0,0,0,0,0,0,0,0,0,0,0,0,0,0,0,0,0,0,0,0,0,0,0,0,6.0,,0.0,1.0,0.0,0.0,0.0,0.0,0.0,0.0
40,3,571,7,1.0,0.0,2.0,1.0,0,0,1,0,0,0,0,0,0,0,0,0,0,0,0,0,0,0,0,9,2,1,0,0,0,0,0,0,0,0,0,0,0,0,3,10,0,1.0,,0.0,0.0,0.0,0.0,0.0,0.0,1.0,0.0
40,4,181,7,1.0,0.0,1.0,1.0,0,0,0,0,0,0,0,0,0,0,0,0,0,0,0,0,0,0,1,0,0,0,0,0,0,0,4,6,0,0,0,0,0,0,0,0,0,1.0,,0.0,0.0,0.0,0.0,1.0,0.0,1.0,0.0
40,5,7869,7,1.0,0.0,3.0,1.0,0,0,0,0,0,0,0,0,0,0,0,0,0,0,0,0,0,0,6,2,0,0,0,0,0,0,0,0,0,0,0,0,0,0,11,1,0,6.0,,0.0,0.0,0.0,0.0,0.0,0.0,1.0,0.0
40,6,8889,7,1.0,0.0,5.0,1.0,0,1,0,0,0,0,0,0,0,0,0,0,0,0,0,0,0,0,6,2,0,0,0,1,0,0,0,0,0,0,0,0,0,0,0,9,0,1.0,,0.0,0.0,0.0,0.0,0.0,0.0,1.0,0.0
41,1,195,7,1.0,0.0,2.0,1.0,3,0,0,0,0,0,0,0,0,0,0,0,0,0,2,0,0,0,4,4,5,5,0,0,0,0,0,0,0,0,0,0,0,0,15,0,0,5.0,4.0,0.0,0.0,0.0,0.0,0.0,1.0,1.0,0.0
41,2,7127,7,1.0,0.0,4.0,1.0,1,0,0,0,0,0,0,0,0,0,0,0,0,0,0,1,0,0,3,6,3,0,0,1,0,0,0,0,0,0,0,0,0,0,0,12,0,6.0,,0.0,0.0,0.0,0.0,0.0,0.0,1.0,0.0
41,3,236,7,1.0,0.0,5.0,1.0,0,0,0,0,0,0,0,0,0,0,0,0,0,0,0,0,0,0,0,0,0,0,0,0,0,0,2,1,0,0,0,0,0,0,0,0,0,5.0,40.0,0.0,0.0,0.0,0.0,0.0,0.0,0.0,0.0
41,4,3654,7,1.0,0.0,2.0,1.0,0,0,0,0,0,0,0,1,0,0,0,0,0,0,0,0,0,0,1,0,2,1,1,0,0,0,0,0,0,0,0,0,0,0,5,0,0,1.0,,0.0,0.0,0.0,0.0,0.0,0.0,1.0,0.0
41,5,3146,7,3.0,1.0,3.0,1.0,1,0,0,0,0,0,0,0,0,0,0,0,0,0,0,0,0,0,0,0,2,0,0,0,0,0,0,2,0,0,0,2,0,0,2,0,0,6.0,,0.0,0.0,0.0,0.0,0.0,0.0,1.0,0.0
41,6,5142,7,1.0,0.0,5.0,1.0,0,0,0,0,3,0,0,0,0,0,0,0,0,0,0,2,0,0,5,4,2,0,0,0,0,0,0,0,0,0,0,0,0,0,0,12,0,5.0,12.0,0.0,0.0,0.0,0.0,0.0,0.0,1.0,0.0
42,1,10133,7,1.0,0.0,1.0,1.0,0,0,0,0,0,0,0,0,0,0,0,0,0,0,0,0,0,0,0,0,0,2,0,0,0,0,0,6,0,0,0,0,0,0,0,1,0,6.0,,0.0,0.0,0.0,0.0,0.0,0.0,1.0,0.0
42,2,6346,7,1.0,0.0,3.0,1.0,0,0,0,0,0,0,0,1,0,0,0,0,0,0,0,0,0,0,2,2,0,1,1,0,0,0,1,0,0,0,0,0,0,0,7,0,0,6.0,,0.0,0.0,0.0,0.0,0.0,0.0,1.0,0.0
42,3,10266,7,1.0,0.0,5.0,1.0,0,0,0,0,0,0,0,0,0,0,0,0,0,0,0,0,0,0,0,0,0,0,0,0,0,0,0,0,0,0,0,0,0,0,0,0,0,6.0,,0.0,0.0,0.0,1.0,0.0,0.0,0.0,0.0
42,4,10245,7,1.0,0.0,5.0,1.0,0,0,0,1,0,0,0,0,0,0,0,0,0,0,0,0,0,0,0,0,0,8,0,0,0,1,0,0,0,0,0,0,0,0,10,0,0,6.0,,0.0,0.0,0.0,0.0,0.0,0.0,1.0,0.0
42,5,7153,7,1.0,0.0,3.0,1.0,1,0,0,0,0,0,0,0,0,0,0,0,0,0,0,0,0,0,7,0,0,0,1,0,0,0,3,0,0,0,0,0,0,0,8,1,0,1.0,,0.0,0.0,0.0,0.0,0.0,1.0,1.0,0.0
42,6,228,7,1.0,0.0,2.0,1.0,0,0,0,0,1,1,0,0,0,0,0,0,0,0,1,0,0,0,0,1,0,0,2,1,0,0,0,0,0,0,0,0,0,0,2,3,0,5.0,8.0,0.0,0.0,0.0,0.0,0.0,0.0,1.0,0.0
43,1,1027,7,1.0,0.0,3.0,1.0,0,0,0,0,0,0,0,0,0,0,0,0,0,0,0,0,0,0,0,0,0,0,0,0,0,0,0,0,0,0,0,0,0,0,0,1,0,3.0,5.0,0.0,1.0,0.0,0.0,0.0,0.0,1.0,0.0
43,2,5856,7,1.0,0.0,5.0,1.0,0,0,0,0,0,0,0,0,0,0,0,0,0,0,0,0,0,0,0,0,0,0,0,0,0,0,0,0,0,0,0,0,0,0,0,0,0,6.0,,0.0,0.0,0.0,1.0,0.0,0.0,0.0,0.0
43,3,3461,7,1.0,0.0,1.0,1.0,0,0,0,0,0,0,0,0,0,0,0,0,0,0,0,0,0,0,5,2,0,0,1,0,0,0,0,0,0,0,0,0,0,0,4,3,0,5.0,18.0,0.0,0.0,0.0,0.0,0.0,0.0,1.0,0.0
43,4,558,7,1.0,0.0,3.0,1.0,0,0,0,0,1,0,0,0,0,0,0,0,0,0,0,0,0,0,4,0,0,0,2,0,0,0,2,0,0,0,0,0,0,0,7,0,0,3.0,5.0,0.0,0.0,0.0,0.0,0.0,0.0,1.0,0.0
43,5,1991,7,1.0,0.0,1.0,1.0,0,0,0,0,0,0,0,0,0,0,0,0,0,0,0,0,0,0,0,0,0,0,0,0,0,0,0,7,0,0,0,0,0,0,0,0,0,1.0,,0.0,0.0,0.0,1.0,0.0,1.0,0.0,0.0
43,6,2170,7,1.0,0.0,5.0,1.0,0,0,0,0,1,0,0,0,0,0,0,0,0,0,0,0,0,0,0,1,2,0,0,0,0,0,0,0,0,0,0,0,0,0,0,4,0,6.0,,0.0,0.0,0.0,0.0,0.0,0.0,1.0,0.0
44,1,5746,7,1.0,0.0,1.0,1.0,0,0,0,0,0,0,0,0,0,0,0,0,0,0,0,0,0,0,1,0,0,0,0,0,0,0,0,0,0,0,0,0,0,0,1,0,0,6.0,,1.0,0.0,0.0,1.0,0.0,0.0,0.0,0.0
44,2,173,7,1.0,0.0,5.0,1.0,1,0,0,0,0,0,0,0,0,0,0,0,0,0,0,0,0,0,10,1,1,0,0,0,0,0,0,0,0,0,0,0,0,0,5,7,0,1.0,,0.0,0.0,0.0,0.0,0.0,0.0,1.0,0.0
44,3,9193,7,1.0,0.0,3.0,1.0,0,0,0,0,0,0,0,0,0,0,0,0,0,0,0,0,0,0,0,0,0,2,0,0,0,2,0,0,0,0,0,0,0,0,1,2,0,1.0,,0.0,0.0,0.0,1.0,0.0,0.0,1.0,0.0
44,4,9710,7,1.0,0.0,3.0,1.0,1,0,0,0,0,0,0,0,0,0,0,0,0,0,0,0,0,0,0,0,0,0,0,0,0,0,0,0,0,0,0,0,0,0,1,0,0,6.0,,1.0,1.0,0.0,1.0,0.0,0.0,1.0,0.0
44,5,2168,7,1.0,0.0,4.0,1.0,0,0,0,0,0,0,0,1,0,0,0,0,0,0,0,0,0,0,6,0,0,0,0,0,0,0,0,0,0,0,0,0,0,0,0,10,0,6.0,,0.0,0.0,0.0,0.0,0.0,0.0,1.0,0.0
44,6,3634,7,1.0,0.0,1.0,1.0,0,0,0,1,0,0,0,0,0,0,0,0,0,0,0,0,0,0,0,0,0,4,0,0,0,0,0,0,0,0,0,0,0,0,4,1,0,5.0,9.0,0.0,0.0,0.0,0.0,0.0,0.0,1.0,0.0
45,1,4048,7,1.0,0.0,4.0,1.0,1,0,0,0,0,0,0,0,0,0,0,0,0,0,0,0,0,0,5,2,2,0,0,0,0,0,0,0,0,0,0,0,0,0,9,0,0,5.0,6.0,0.0,0.0,0.0,0.0,0.0,0.0,1.0,0.0
45,2,1099,7,1.0,0.0,3.0,0.0,0,0,0,0,0,0,0,0,0,0,0,0,0,0,0,0,0,0,0,0,0,0,0,0,0,0,4,2,2,0,0,0,0,0,0,0,0,1.0,,0.0,0.0,0.0,0.0,0.0,0.0,0.0,1.0
45,3,7407,7,1.0,0.0,2.0,1.0,2,0,0,0,0,0,0,0,0,0,0,0,0,0,2,0,0,0,3,6,3,2,0,0,0,0,1,0,0,0,0,0,0,0,0,14,0,5.0,16.0,0.0,0.0,0.0,0.0,0.0,0.0,1.0,0.0
45,4,3464,7,1.0,0.0,3.0,1.0,0,0,0,0,1,0,0,0,0,0,0,0,0,0,0,0,0,0,6,1,0,0,2,5,0,0,0,1,0,0,0,0,0,0,14,0,0,6.0,,0.0,0.0,0.0,0.0,0.0,0.0,1.0,0.0
45,5,175,7,1.0,0.0,2.0,1.0,0,0,0,0,0,0,0,0,0,0,0,0,0,0,0,0,0,0,0,0,4,0,0,0,0,0,4,0,0,0,0,0,0,0,0,3,0,6.0,,0.0,0.0,0.0,0.0,0.0,0.0,1.0,0.0
45,6,4987,7,1.0,0.0,4.0,1.0,0,0,0,0,0,0,0,0,0,0,0,0,0,0,0,0,0,0,0,0,0,0,0,0,0,0,0,0,0,0,0,0,0,0,0,0,0,6.0,,0.0,0.0,0.0,1.0,0.0,0.0,0.0,0.0
46,1,7694,7,1.0,0.0,2.0,1.0,0,0,0,0,1,0,0,0,0,0,0,0,0,0,1,0,0,0,2,0,0,0,4,0,0,0,0,0,0,0,0,0,0,0,5,0,0,3.0,4.0,0.0,0.0,0.0,0.0,0.0,0.0,1.0,0.0
46,2,155,7,1.0,0.0,4.0,1.0,1,0,0,0,0,0,0,0,0,0,0,0,0,0,0,0,0,0,1,0,0,0,0,0,0,0,0,0,0,0,0,0,0,0,0,2,0,6.0,,0.0,1.0,0.0,1.0,0.0,0.0,1.0,0.0
46,3,7153,8,1.0,0.0,3.0,1.0,1,0,0,0,0,0,0,0,0,0,0,0,0,0,0,0,0,0,7,1,0,0,1,0,0,0,2,0,0,0,0,0,0,0,2,7,0,1.0,,0.0,0.0,0.0,0.0,1.0,0.0,1.0,0.0
46,4,178,7,1.0,0.0,4.0,1.0,0,0,0,0,0,0,0,0,0,0,0,0,0,0,0,0,0,0,0,0,0,0,0,0,0,0,0,0,0,0,0,0,0,0,0,0,0,6.0,,0.0,1.0,0.0,1.0,0.0,0.0,1.0,0.0
46,5,195,8,1.0,0.0,2.0,1.0,3,0,0,0,0,0,0,0,0,0,0,0,0,0,2,0,0,0,2,4,3,6,0,0,1,0,0,0,0,0,0,0,0,0,7,3,0,5.0,6.0,0.0,0.0,0.0,0.0,1.0,1.0,1.0,0.0
46,6,3146,8,1.0,0.0,3.0,1.0,0,0,0,0,1,0,0,0,0,0,0,0,0,0,0,0,0,0,2,1,2,0,0,0,0,0,0,0,0,0,0,0,0,0,0,6,0,5.0,9.0,0.0,0.0,0.0,0.0,1.0,0.0,1.0,0.0
47,1,1027,8,1.0,0.0,4.0,1.0,0,0,0,0,0,0,0,0,0,0,0,0,0,0,0,0,0,0,0,0,0,0,0,0,0,0,0,0,0,0,0,0,0,0,0,0,0,6.0,,0.0,0.0,0.0,1.0,0.0,0.0,0.0,0.0
47,2,236,8,1.0,0.0,2.0,1.0,0,0,0,0,1,0,0,0,0,0,0,0,0,0,0,0,0,0,6,0,0,0,1,0,0,0,0,0,0,0,0,0,0,0,7,0,0,5.0,4.0,0.0,0.0,0.0,0.0,0.0,0.0,1.0,0.0
47,3,8889,8,1.0,0.0,5.0,1.0,0,0,0,0,0,0,0,0,0,0,0,0,0,0,0,0,0,0,4,1,0,0,0,0,0,0,1,1,0,0,0,0,0,0,0,4,0,1.0,,0.0,0.0,0.0,0.0,0.0,0.0,1.0,0.0
47,4,7869,8,1.0,0.0,3.0,1.0,1,0,0,0,0,0,0,0,0,0,0,0,0,0,0,0,0,0,6,0,0,0,3,0,0,0,0,0,0,0,0,0,0,0,5,5,0,6.0,,0.0,0.0,0.0,0.0,0.0,0.0,1.0,0.0
47,5,10266,8,1.0,0.0,2.0,1.0,0,0,0,0,0,0,0,0,0,0,0,0,0,0,0,0,0,0,0,0,0,0,0,0,0,0,0,0,0,0,0,0,0,0,0,0,0,6.0,,0.0,0.0,0.0,1.0,0.0,0.0,0.0,0.0
47,6,10245,8,1.0,0.0,5.0,1.0,0,0,0,1,0,0,0,0,0,0,0,0,0,0,0,0,0,0,0,0,0,6,0,0,0,0,0,0,0,0,0,0,0,0,1,5,0,6.0,,0.0,0.0,0.0,0.0,0.0,0.0,1.0,0.0
48,1,1991,8,1.0,0.0,2.0,1.0,0,0,0,0,0,0,0,0,0,0,0,0,0,0,0,0,0,0,0,0,0,0,0,0,0,0,1,7,0,0,0,0,0,0,0,0,0,6.0,,0.0,0.0,0.0,0.0,0.0,0.0,0.0,0.0
48,2,7127,8,1.0,0.0,2.0,1.0,0,0,0,0,0,0,0,1,0,0,0,0,0,0,0,0,0,0,3,6,1,0,0,2,0,0,3,0,0,0,0,0,0,0,9,4,0,6.0,,0.0,0.0,0.0,0.0,0.0,0.0,1.0,0.0
48,3,5142,8,1.0,0.0,5.0,1.0,1,0,0,0,1,0,0,0,0,0,0,0,0,0,0,2,0,0,4,2,5,0,0,0,0,0,2,1,0,0,0,0,0,0,0,10,0,5.0,5.0,0.0,0.0,0.0,0.0,0.0,0.0,1.0,0.0
48,4,181,8,1.0,0.0,3.0,1.0,0,0,0,0,0,0,0,0,0,0,0,0,0,0,0,0,0,0,0,0,0,0,0,0,0,0,3,5,0,0,0,0,0,0,0,0,0,1.0,,0.0,0.0,0.0,0.0,0.0,0.0,0.0,0.0
48,5,2168,8,1.0,0.0,4.0,1.0,0,0,0,1,0,0,0,0,0,0,0,0,0,0,0,0,0,0,8,0,0,0,0,0,0,0,0,0,0,0,0,0,0,0,9,1,0,6.0,,0.0,0.0,0.0,0.0,0.0,0.0,1.0,0.0
48,6,10133,8,1.0,0.0,1.0,1.0,0,0,0,0,0,0,0,0,0,0,0,0,0,0,0,0,0,0,0,0,0,2,0,0,0,0,0,0,0,0,0,0,0,0,0,6,0,6.0,,0.0,0.0,0.0,0.0,0.0,0.0,1.0,0.0
49,1,5856,8,1.0,0.0,2.0,1.0,0,0,0,0,0,0,0,0,0,0,0,0,0,0,0,0,0,0,0,0,0,0,0,0,0,0,0,0,0,0,0,0,0,0,0,0,0,1.0,,0.0,0.0,0.0,1.0,0.0,0.0,0.0,0.0
49,2,4987,8,1.0,0.0,4.0,1.0,0,0,0,0,0,0,0,0,0,0,0,0,0,0,0,0,0,0,0,0,0,0,0,0,0,0,0,0,0,0,0,0,0,0,0,0,0,6.0,,0.0,0.0,0.0,0.0,0.0,0.0,0.0,0.0
49,3,9710,8,1.0,0.0,3.0,1.0,1,0,0,0,0,0,0,0,0,0,0,0,0,0,0,0,0,0,0,0,0,0,0,0,0,0,1,0,0,0,0,0,0,0,0,0,0,6.0,,0.0,0.0,0.0,0.0,0.0,0.0,0.0,0.0
49,4,571,8,1.0,0.0,2.0,1.0,0,0,1,0,0,0,0,0,0,0,0,0,0,0,1,0,0,0,0,0,2,6,1,0,1,1,3,0,0,0,0,0,0,0,11,0,0,1.0,,0.0,0.0,0.0,0.0,0.0,0.0,1.0,0.0
49,5,7407,8,1.0,0.0,4.0,1.0,3,0,0,0,0,0,0,0,0,0,0,0,0,0,0,3,0,0,4,6,3,0,0,0,0,0,3,0,0,0,0,0,0,0,0,12,0,5.0,12.0,0.0,0.0,0.0,0.0,1.0,0.0,1.0,0.0
49,6,228,8,1.0,0.0,3.0,1.0,1,0,0,0,0,0,0,0,0,0,0,0,0,0,0,0,0,0,1,2,1,0,4,0,0,0,0,0,0,0,0,0,0,0,8,0,0,3.0,20.0,0.0,0.0,0.0,0.0,1.0,0.0,1.0,0.0
50,1,175,8,1.0,0.0,3.0,1.0,1,0,0,0,0,0,0,0,0,0,0,0,0,0,0,0,0,0,0,3,0,4,0,0,0,0,2,0,0,0,0,0,0,0,7,0,0,6.0,,0.0,0.0,0.0,0.0,0.0,0.0,1.0,0.0
50,2,4048,8,1.0,0.0,4.0,1.0,0,0,1,0,0,0,0,0,0,0,0,0,0,0,0,1,0,0,8,0,0,0,0,0,0,0,0,0,0,0,0,0,0,0,0,7,0,5.0,23.0,0.0,0.0,0.0,0.0,0.0,0.0,1.0,0.0
50,3,558,8,1.0,0.0,1.0,1.0,0,0,0,0,0,0,0,0,0,0,0,0,0,0,0,0,0,0,1,0,0,0,2,0,0,0,0,0,0,0,0,0,0,0,0,3,0,1.0,,0.0,0.0,1.0,0.0,0.0,0.0,1.0,0.0
50,4,3461,8,1.0,0.0,1.0,1.0,0,0,0,0,0,0,0,0,0,0,0,0,0,0,0,0,0,0,4,2,1,0,3,0,0,0,0,0,0,0,0,0,0,0,9,0,0,1.0,,0.0,0.0,0.0,0.0,0.0,0.0,1.0,0.0
50,5,5746,8,1.0,0.0,5.0,1.0,0,0,0,0,0,0,0,0,0,0,0,0,0,0,0,0,0,0,0,0,3,0,0,1,1,0,0,0,0,0,0,0,0,0,2,3,0,1.0,,0.0,0.0,0.0,0.0,0.0,0.0,1.0,0.0
50,6,6346,8,1.0,0.0,3.0,1.0,1,0,0,0,0,0,0,0,0,0,0,0,0,0,0,0,0,0,4,1,1,0,0,0,0,0,1,0,0,0,0,0,0,0,0,7,0,1.0,,0.0,0.0,0.0,0.0,0.0,0.0,1.0,0.0
51,1,3634,8,1.0,0.0,3.0,1.0,0,0,0,0,0,0,0,0,0,0,0,0,0,0,0,0,0,0,0,0,0,11,0,0,0,0,0,0,0,0,0,0,0,0,11,0,0,5.0,4.0,0.0,0.0,0.0,0.0,0.0,0.0,1.0,0.0
51,2,6333,8,1.0,0.0,1.0,1.0,0,0,0,0,0,0,0,0,0,0,0,0,0,0,0,0,0,0,6,0,0,0,0,0,0,0,2,0,0,0,0,0,0,0,6,0,0,6.0,,0.0,0.0,0.0,0.0,0.0,0.0,1.0,0.0
51,3,3654,8,1.0,0.0,5.0,1.0,0,0,0,0,0,0,1,0,0,0,0,0,0,0,0,0,0,0,3,0,0,0,2,1,0,0,0,0,0,0,0,0,0,0,0,6,0,6.0,,0.0,0.0,0.0,0.0,0.0,0.0,1.0,0.0
51,4,178,8,1.0,0.0,2.0,1.0,0,0,0,0,0,0,0,1,1,0,0,0,0,0,0,0,0,0,0,1,1,0,0,3,1,0,0,0,0,0,0,0,0,0,6,0,0,1.0,,0.0,0.0,0.0,0.0,1.0,0.0,1.0,0.0
51,5,3464,8,1.0,0.0,3.0,1.0,0,0,0,0,1,0,0,0,0,0,0,0,0,0,0,0,0,0,9,0,0,0,0,0,0,0,0,0,0,0,0,0,0,0,7,3,0,6.0,,0.0,0.0,0.0,0.0,0.0,0.0,1.0,0.0
51,6,1350,8,1.0,0.0,5.0,1.0,0,0,0,0,0,0,0,0,0,0,0,0,0,0,0,0,0,0,0,4,0,1,0,1,0,1,1,0,0,0,0,0,0,0,0,7,0,1.0,,0.0,0.0,0.0,0.0,0.0,0.0,1.0,0.0
52,1,155,8,1.0,0.0,3.0,1.0,4,0,4,0,0,0,0,0,0,0,0,0,0,0,7,0,0,0,0,0,0,0,0,0,0,0,0,0,0,0,0,0,0,0,0,0,0,3.0,2.0,0.0,0.0,0.0,0.0,0.0,0.0,1.0,0.0
52,2,2170,8,1.0,0.0,4.0,1.0,0,0,1,0,0,0,0,0,0,0,0,0,0,0,0,0,0,0,0,3,2,0,0,1,1,3,1,0,0,0,0,0,0,0,2,9,0,6.0,,1.0,0.0,0.0,0.0,1.0,0.0,1.0,0.0
52,3,173,8,1.0,0.0,1.0,1.0,1,0,0,0,1,0,0,0,0,0,0,0,0,0,1,0,0,0,4,5,1,2,0,0,1,0,1,0,0,0,0,0,0,0,3,10,0,1.0,,0.0,0.0,0.0,0.0,1.0,0.0,1.0,0.0
52,4,7694,8,1.0,0.0,2.0,1.0,0,0,0,0,1,0,0,0,0,0,0,0,0,0,0,0,0,0,2,0,0,0,5,1,0,0,0,0,0,0,0,0,0,0,8,0,0,5.0,30.0,0.0,0.0,0.0,0.0,1.0,0.0,1.0,0.0
52,5,9193,8,1.0,0.0,5.0,1.0,0,0,0,0,0,0,0,0,0,0,0,0,0,0,0,0,0,0,0,0,0,2,0,0,0,0,0,0,0,0,0,0,0,0,0,6,0,6.0,,0.0,0.0,0.0,1.0,0.0,0.0,1.0,0.0
52,6,1099,8,1.0,0.0,3.0,1.0,0,0,0,0,0,0,0,0,0,0,0,0,0,0,0,0,0,0,0,0,0,0,0,0,0,0,2,0,4,0,1,0,0,0,0,0,0,6.0,,0.0,0.0,0.0,0.0,0.0,0.0,0.0,1.0
53,1,7127,9,1.0,0.0,2.0,1.0,1,0,0,0,0,0,0,0,0,0,0,0,0,0,0,0,0,0,5,8,0,0,0,0,0,0,3,0,0,0,0,0,0,0,15,0,0,6.0,,0.0,0.0,0.0,0.0,0.0,0.0,1.0,0.0
53,2,2168,9,1.0,0.0,3.0,1.0,1,0,0,0,0,0,0,0,0,0,0,0,0,0,0,0,0,0,4,1,0,0,1,0,0,0,0,1,0,0,0,0,0,0,0,9,0,6.0,,0.0,0.0,0.0,0.0,1.0,0.0,1.0,0.0
53,3,10266,9,1.0,1.0,,,0,0,0,0,0,0,0,0,0,0,0,0,0,0,0,0,0,0,0,0,0,0,0,0,0,0,0,0,0,0,0,0,0,0,0,0,0,,,,,,,,,,
53,4,4987,9,1.0,0.0,1.0,1.0,0,0,0,0,0,0,0,0,0,0,0,0,0,0,0,0,0,0,0,0,0,0,0,0,0,0,0,0,0,0,0,0,0,0,0,0,0,1.0,,0.0,0.0,0.0,1.0,0.0,0.0,0.0,0.0
53,5,7153,9,1.0,0.0,3.0,1.0,1,0,0,0,0,0,0,0,1,0,0,0,0,0,0,0,0,0,0,0,0,0,0,0,0,0,1,0,0,0,0,0,0,0,1,0,0,5.0,60.0,0.0,1.0,0.0,0.0,0.0,0.0,1.0,0.0
53,6,1027,9,1.0,0.0,5.0,1.0,0,0,0,0,0,0,0,0,0,0,0,0,0,0,0,0,0,0,0,0,0,0,0,0,0,0,0,0,0,0,0,0,0,0,0,1,0,6.0,,0.0,0.0,0.0,0.0,0.0,0.0,0.0,0.0
54,1,1991,9,1.0,0.0,3.0,1.0,0,0,0,1,0,0,0,0,0,0,0,0,0,0,0,0,0,0,0,0,0,0,0,0,0,0,0,8,0,1,0,0,0,0,0,0,0,6.0,,0.0,0.0,0.0,0.0,0.0,0.0,1.0,0.0
54,2,4048,9,1.0,0.0,4.0,1.0,0,0,0,0,1,0,1,0,0,0,0,0,0,0,0,1,0,0,7,0,0,1,0,0,0,0,0,0,0,0,0,0,0,0,5,3,0,5.0,21.0,0.0,0.0,0.0,0.0,1.0,0.0,1.0,0.0
54,3,10245,9,1.0,0.0,1.0,1.0,0,0,0,1,0,0,0,0,0,0,0,0,0,0,0,0,0,0,0,0,0,2,0,0,0,1,0,0,0,0,0,0,0,0,1,3,0,6.0,,0.0,0.0,0.0,1.0,0.0,0.0,1.0,0.0
54,4,9710,9,1.0,0.0,3.0,1.0,1,0,0,0,0,0,0,0,0,0,0,0,0,0,0,0,0,0,0,0,0,0,0,0,0,0,0,0,0,0,0,0,0,0,0,0,0,6.0,,0.0,0.0,0.0,1.0,0.0,0.0,0.0,0.0
54,5,571,9,1.0,0.0,2.0,1.0,1,0,0,0,0,0,0,0,0,0,0,0,0,0,0,0,0,0,0,6,1,0,0,3,0,2,1,0,0,0,0,0,0,0,9,4,0,6.0,,0.0,0.0,0.0,0.0,1.0,0.0,1.0,0.0
54,6,175,9,1.0,0.0,5.0,1.0,0,0,0,0,0,0,0,0,0,0,0,0,0,0,0,0,0,0,5,0,0,0,1,0,0,0,0,0,0,0,0,0,0,0,2,3,0,6.0,,0.0,0.0,0.0,0.0,0.0,0.0,1.0,0.0
55,1,1350,9,1.0,0.0,5.0,1.0,0,0,0,0,0,0,0,0,0,0,0,0,0,0,0,0,0,0,1,3,0,0,0,4,0,0,3,0,0,0,0,0,0,0,8,0,0,6.0,,0.0,0.0,0.0,0.0,0.0,0.0,1.0,0.0
55,2,181,9,1.0,0.0,3.0,1.0,0,0,0,0,0,0,0,0,0,0,0,0,0,0,0,0,0,0,0,0,0,0,0,0,0,0,1,2,0,2,0,0,0,0,0,0,0,6.0,,0.0,0.0,0.0,0.0,0.0,0.0,0.0,0.0
55,3,5746,9,1.0,0.0,1.0,1.0,0,0,0,0,0,0,0,0,0,0,0,0,0,0,0,0,0,0,5,0,0,0,0,0,0,0,0,0,0,0,0,0,0,0,2,2,0,6.0,,0.0,0.0,0.0,0.0,1.0,0.0,1.0,0.0
55,4,195,9,1.0,0.0,2.0,1.0,3,0,0,0,0,0,0,0,0,0,0,0,0,0,2,0,0,0,2,5,5,4,0,1,0,0,1,0,0,0,0,0,0,0,14,0,0,5.0,12.0,0.0,0.0,0.0,0.0,0.0,1.0,1.0,0.0
55,5,10133,9,1.0,0.0,3.0,1.0,0,0,0,0,0,0,0,1,0,0,0,0,0,0,0,0,0,0,0,0,0,1,0,0,0,0,0,7,0,1,0,0,0,0,0,1,0,6.0,,0.0,0.0,0.0,0.0,0.0,0.0,1.0,0.0
55,6,5856,9,1.0,0.0,4.0,1.0,0,0,0,0,0,0,0,0,0,0,0,0,0,0,0,0,0,0,0,0,0,0,0,0,0,0,0,0,0,0,0,0,0,0,0,0,0,6.0,,0.0,0.0,0.0,1.0,0.0,0.0,0.0,0.0
56,1,2170,9,1.0,0.0,4.0,1.0,0,0,1,0,0,0,0,0,0,0,0,0,0,0,0,0,0,0,0,4,2,0,0,1,1,0,1,0,0,0,0,0,0,0,7,1,0,5.0,14.0,0.0,0.0,0.0,0.0,0.0,0.0,1.0,0.0
56,2,236,9,1.0,0.0,2.0,1.0,0,0,0,0,1,0,0,0,0,0,0,0,0,0,0,0,0,0,4,1,0,0,2,0,0,0,0,0,0,0,0,0,0,0,6,2,0,5.0,18.0,0.0,0.0,0.0,0.0,1.0,0.0,1.0,0.0
56,3,1099,9,1.0,0.0,3.0,0.0,0,0,0,0,0,0,0,0,0,0,0,0,0,0,0,0,0,0,0,0,0,0,0,0,0,0,0,0,0,0,0,0,0,0,0,0,0,1.0,,0.0,0.0,1.0,0.0,0.0,0.0,0.0,0.0
56,4,558,9,1.0,0.0,3.0,1.0,0,0,0,0,1,0,0,0,0,0,0,0,0,0,0,0,0,0,6,0,0,0,0,0,0,0,0,0,0,0,0,0,0,0,6,0,0,5.0,15.0,0.0,0.0,0.0,0.0,0.0,0.0,1.0,0.0
56,5,178,9,1.0,0.0,4.0,1.0,0,0,0,1,0,0,0,0,2,0,0,0,0,0,0,1,0,0,0,0,0,0,0,1,0,0,0,0,0,0,0,0,0,0,0,0,0,6.0,,0.0,1.0,0.0,1.0,0.0,0.0,1.0,0.0
56,6,228,9,1.0,0.0,2.0,1.0,0,0,0,1,1,0,0,0,0,0,0,0,0,0,1,0,0,0,4,0,0,0,0,0,0,0,0,0,0,0,0,0,0,0,1,4,0,6.0,,0.0,0.0,0.0,0.0,0.0,0.0,1.0,0.0
57,1,3461,9,1.0,0.0,1.0,1.0,0,0,1,0,0,0,0,0,0,0,0,0,0,0,0,0,0,0,2,0,0,0,0,0,0,0,0,0,0,0,0,0,0,0,3,0,0,1.0,,0.0,1.0,1.0,0.0,0.0,0.0,1.0,0.0
57,2,9193,9,1.0,0.0,5.0,1.0,0,0,0,0,0,0,0,0,0,0,0,0,0,0,0,0,0,0,0,0,0,1,0,0,0,0,0,0,0,0,0,0,0,0,0,0,0,6.0,,0.0,0.0,0.0,1.0,0.0,0.0,1.0,0.0
57,3,3146,9,1.0,0.0,3.0,1.0,1,0,0,0,0,0,0,0,0,0,0,0,0,0,0,0,0,0,7,0,0,0,1,0,0,0,0,0,0,0,0,0,0,0,1,8,0,5.0,2.0,0.0,0.0,0.0,0.0,0.0,0.0,1.0,0.0
57,4,3654,9,1.0,0.0,2.0,1.0,0,0,1,0,0,0,0,0,0,0,0,0,0,0,0,0,0,0,1,0,1,3,0,0,0,0,0,0,0,0,0,0,0,0,8,0,0,1.0,,0.0,1.0,0.0,0.0,0.0,0.0,1.0,0.0
57,5,3464,9,1.0,0.0,3.0,1.0,0,0,0,0,0,0,0,0,0,0,0,0,0,0,0,0,0,0,0,0,0,0,0,0,0,0,0,2,0,0,0,0,0,0,0,0,0,1.0,,0.0,1.0,0.0,0.0,0.0,0.0,1.0,0.0
57,6,7869,9,1.0,0.0,5.0,1.0,0,0,0,0,0,0,0,0,0,0,0,0,0,0,0,0,0,0,7,1,0,3,0,1,0,0,0,0,0,0,0,0,0,0,0,12,0,1.0,,0.0,0.0,0.0,0.0,1.0,0.0,1.0,0.0
58,1,6346,9,1.0,0.0,4.0,1.0,2,0,0,0,0,0,0,0,0,0,0,0,0,0,0,2,0,0,2,2,2,0,0,0,0,0,0,0,0,0,0,0,0,0,4,1,0,6.0,,0.0,0.0,0.0,0.0,0.0,0.0,1.0,0.0
58,2,173,9,1.0,0.0,1.0,1.0,2,0,0,0,0,0,0,0,0,0,0,0,0,0,1,0,0,0,2,4,0,0,1,1,0,0,1,0,0,0,0,0,0,0,8,1,0,1.0,,0.0,0.0,0.0,0.0,1.0,0.0,1.0,0.0
58,3,5142,9,1.0,0.0,5.0,1.0,2,0,0,0,0,0,0,0,0,0,0,0,0,0,0,1,0,0,2,2,3,4,0,0,0,0,0,0,0,0,0,0,0,0,0,7,0,5.0,4.0,0.0,0.0,0.0,0.0,1.0,1.0,1.0,0.0
58,4,7407,9,1.0,0.0,2.0,1.0,3,0,0,0,0,0,0,0,0,0,0,0,0,0,2,0,0,0,5,9,0,0,0,0,0,0,2,0,0,0,0,0,0,0,10,4,0,5.0,5.0,0.0,0.0,0.0,0.0,0.0,0.0,1.0,0.0
58,5,8889,9,1.0,0.0,5.0,1.0,1,0,0,0,0,0,0,0,0,0,0,0,0,0,0,0,0,0,3,0,0,0,1,0,0,0,4,5,0,1,0,0,0,0,0,4,0,6.0,,1.0,0.0,0.0,0.0,0.0,0.0,1.0,0.0
58,6,155,9,1.0,0.0,3.0,1.0,1,0,0,0,0,0,0,0,0,0,0,0,0,0,0,0,0,0,0,0,0,0,0,0,0,0,0,0,0,0,0,0,0,0,0,0,0,1.0,,1.0,0.0,0.0,1.0,0.0,0.0,0.0,0.0
59,1,3634,9,1.0,0.0,3.0,1.0,0,0,0,1,0,0,0,0,0,0,0,0,0,0,0,0,0,0,0,0,0,5,0,0,0,2,0,0,0,0,0,0,0,0,2,5,0,6.0,,0.0,0.0,0.0,0.0,0.0,0.0,1.0,0.0
59,2,7694,9,1.0,0.0,1.0,1.0,0,0,0,0,1,1,0,0,0,0,0,0,0,0,1,0,0,0,0,1,0,0,0,1,0,0,1,0,0,0,0,0,0,0,3,0,0,3.0,37.0,0.0,0.0,0.0,0.0,1.0,0.0,1.0,0.0
59,3,10245,10,1.0,0.0,5.0,1.0,0,0,0,1,0,0,0,0,0,0,0,0,0,0,0,0,0,0,0,0,0,0,0,0,0,0,0,0,0,0,0,0,0,0,0,0,0,6.0,,0.0,0.0,0.0,1.0,0.0,0.0,0.0,0.0
59,4,6333,9,1.0,0.0,3.0,1.0,0,0,0,0,0,0,0,0,0,0,0,0,0,0,0,0,0,0,3,0,0,0,2,0,0,0,0,0,0,0,0,0,0,0,3,2,0,3.0,5.0,0.0,0.0,0.0,0.0,0.0,1.0,1.0,0.0
59,5,10266,10,1.0,0.0,5.0,1.0,0,0,0,0,0,0,0,0,0,0,0,0,0,0,0,0,0,0,0,0,0,0,0,0,0,0,0,0,0,0,0,0,0,0,0,0,0,1.0,,0.0,0.0,0.0,1.0,0.0,0.0,0.0,0.0
59,6,195,10,1.0,0.0,2.0,1.0,2,0,0,0,1,0,0,0,0,0,0,0,0,0,2,0,0,0,0,5,4,2,0,0,0,0,3,0,0,0,0,0,0,0,0,12,0,6.0,,0.0,0.0,0.0,0.0,0.0,0.0,1.0,0.0
60,1,10133,10,1.0,0.0,1.0,1.0,0,0,0,1,0,0,0,0,0,0,0,0,0,0,0,0,0,0,0,0,0,3,0,0,0,2,1,3,0,0,0,0,0,0,5,0,0,1.0,,0.0,0.0,0.0,0.0,0.0,0.0,1.0,0.0
60,2,175,10,1.0,0.0,3.0,1.0,0,0,0,0,1,0,0,0,0,0,0,0,0,0,0,0,0,0,3,1,0,0,2,0,0,0,2,0,0,0,0,0,0,0,3,4,0,6.0,,0.0,0.0,0.0,0.0,0.0,0.0,1.0,0.0
60,3,5746,10,1.0,0.0,5.0,1.0,0,0,0,0,0,0,0,0,0,0,0,0,0,0,0,0,0,0,0,1,5,0,0,0,0,0,0,0,0,0,0,0,0,0,1,4,0,1.0,,0.0,0.0,0.0,0.0,0.0,0.0,1.0,0.0
60,4,7153,10,1.0,0.0,3.0,1.0,1,0,0,0,0,0,0,0,1,0,0,0,0,0,0,0,0,0,2,0,0,6,0,0,0,0,0,0,0,0,0,0,0,0,8,0,0,5.0,23.0,0.0,0.0,0.0,0.0,0.0,0.0,1.0,0.0
60,5,2170,10,1.0,0.0,2.0,1.0,0,0,0,1,0,0,0,0,0,0,0,0,0,0,0,0,0,0,0,2,5,1,0,0,0,0,1,0,0,0,0,0,0,0,10,0,0,6.0,,0.0,0.0,0.0,0.0,0.0,0.0,1.0,0.0
60,6,2168,10,1.0,0.0,4.0,1.0,0,0,0,1,0,0,0,0,0,0,0,0,0,0,0,0,0,0,5,0,1,0,1,0,0,1,0,1,0,0,0,0,0,0,0,8,0,6.0,,0.0,0.0,0.0,0.0,0.0,0.0,1.0,0.0
61,1,3461,10,1.0,0.0,1.0,1.0,0,0,1,0,0,0,0,0,0,0,0,0,0,0,0,0,0,0,6,2,0,0,1,0,0,0,2,0,0,0,0,0,0,0,10,0,0,5.0,20.0,0.0,0.0,0.0,0.0,0.0,0.0,1.0,0.0
61,2,1099,10,1.0,1.0,3.0,,0,0,0,0,0,0,0,0,0,0,0,0,0,0,0,0,0,0,0,0,0,0,0,0,0,0,0,0,0,0,0,0,0,0,0,0,0,,,,,,,,,,
61,3,3654,10,1.0,0.0,4.0,1.0,0,0,0,0,0,0,0,1,0,0,0,0,0,0,0,0,0,0,2,2,1,0,2,0,0,0,0,0,0,0,0,0,0,0,0,7,0,6.0,,0.0,0.0,0.0,0.0,0.0,0.0,1.0,0.0
61,4,9193,10,1.0,0.0,2.0,1.0,0,0,0,0,0,0,0,0,0,0,0,0,0,0,0,0,0,0,0,0,0,1,0,0,0,1,0,0,0,0,0,0,0,0,0,1,0,6.0,,1.0,0.0,0.0,1.0,0.0,0.0,1.0,0.0
61,5,1991,10,1.0,0.0,3.0,1.0,0,0,0,1,0,0,0,0,0,0,0,0,0,0,0,0,0,0,0,0,0,0,0,0,0,0,3,5,0,0,0,0,0,3,0,0,0,6.0,,0.0,0.0,0.0,1.0,0.0,0.0,1.0,0.0
61,6,181,10,1.0,0.0,4.0,1.0,0,0,0,0,0,0,0,0,0,0,0,0,0,0,0,0,0,0,0,0,0,0,0,0,0,0,3,8,0,0,0,0,0,0,0,0,0,6.0,,0.0,0.0,0.0,0.0,0.0,0.0,0.0,0.0
62,1,6346,10,1.0,0.0,3.0,1.0,1,0,0,0,0,0,0,0,0,0,0,0,0,0,0,0,0,0,4,0,0,0,0,1,0,0,0,0,0,0,0,0,0,0,5,0,0,6.0,,0.0,0.0,0.0,0.0,0.0,0.0,1.0,0.0
62,2,7127,10,1.0,0.0,5.0,1.0,0,0,0,0,0,0,0,0,0,0,0,0,0,0,0,0,0,0,6,5,0,0,0,3,0,0,5,0,0,0,0,0,0,0,2,13,0,1.0,,0.0,0.0,0.0,0.0,0.0,0.0,1.0,0.0
62,3,4987,10,1.0,0.0,1.0,1.0,0,0,0,0,0,0,0,0,0,0,0,0,0,0,0,0,0,0,0,0,0,0,0,0,0,0,0,0,0,0,0,0,0,0,0,0,0,6.0,,1.0,0.0,0.0,1.0,0.0,0.0,0.0,0.0
62,4,178,10,1.0,0.0,2.0,1.0,0,1,0,0,0,0,0,0,1,0,0,0,0,0,0,0,0,0,0,4,0,0,0,2,0,0,1,0,0,0,0,0,0,0,6,0,0,1.0,,0.0,0.0,0.0,0.0,0.0,0.0,1.0,0.0
62,5,5856,10,1.0,0.0,3.0,1.0,0,0,0,0,0,0,0,0,0,0,0,0,0,0,0,0,0,0,0,0,0,0,0,0,0,0,0,0,0,0,0,0,0,0,0,0,0,1.0,,0.0,0.0,0.0,1.0,0.0,0.0,0.0,0.0
62,6,8889,10,1.0,0.0,5.0,1.0,0,0,0,0,0,0,1,0,0,0,0,0,0,0,0,0,0,0,6,0,0,0,2,0,0,0,1,0,0,0,0,0,0,0,1,7,0,1.0,,0.0,0.0,0.0,0.0,1.0,0.0,1.0,0.0
63,1,228,10,1.0,0.0,1.0,1.0,1,0,0,0,1,0,0,0,0,0,0,0,0,0,1,0,0,0,2,0,0,0,1,0,0,0,0,0,0,0,0,0,0,0,3,0,0,1.0,,0.0,0.0,1.0,0.0,1.0,0.0,1.0,0.0
63,2,173,10,1.0,1.0,,,0,0,0,0,0,0,0,0,0,0,0,0,0,0,0,0,0,0,0,0,0,0,0,0,0,0,0,0,0,0,0,0,0,0,0,0,0,,,,,,,,,,
63,3,3146,10,1.0,0.0,3.0,1.0,1,0,0,0,0,0,0,0,0,0,0,0,0,0,0,0,0,0,7,0,0,0,2,0,0,0,0,0,0,0,0,0,0,0,1,8,0,3.0,21.0,0.0,0.0,0.0,0.0,1.0,0.0,1.0,0.0
63,4,3634,10,1.0,0.0,3.0,1.0,0,0,0,1,0,0,0,0,0,0,0,0,0,0,0,0,0,0,0,0,0,0,0,0,0,0,0,0,0,0,0,0,0,0,1,0,0,6.0,,0.0,0.0,0.0,0.0,0.0,0.0,1.0,0.0
63,5,571,10,1.0,0.0,2.0,1.0,0,0,3,0,0,0,0,0,0,0,0,0,0,0,2,0,0,0,0,5,5,3,0,0,0,0,3,0,0,0,0,0,0,0,11,2,0,6.0,,0.0,0.0,0.0,0.0,0.0,0.0,1.0,0.0
63,6,558,10,1.0,0.0,5.0,1.0,0,0,1,0,0,0,0,0,0,0,0,0,0,0,0,0,0,0,4,0,0,0,3,0,0,0,0,0,0,0,0,0,0,0,1,6,0,5.0,30.0,0.0,0.0,0.0,0.0,0.0,0.0,1.0,0.0
64,1,3464,10,1.0,0.0,1.0,1.0,0,0,0,0,0,0,0,0,0,0,0,0,0,0,0,0,0,0,8,2,3,0,0,0,1,0,0,0,0,0,0,0,0,0,14,0,0,6.0,,0.0,0.0,0.0,0.0,0.0,0.0,1.0,0.0
64,2,1027,10,1.0,0.0,5.0,1.0,0,0,0,0,0,0,0,0,0,0,0,0,0,0,0,0,0,0,0,0,0,0,0,0,0,1,0,0,0,0,0,0,0,0,0,0,0,6.0,,0.0,0.0,0.0,1.0,0.0,0.0,1.0,0.0
64,3,9710,10,1.0,0.0,3.0,1.0,1,0,0,0,0,0,0,0,0,0,0,0,0,0,0,0,0,0,4,0,0,0,0,0,0,0,3,0,0,0,0,0,0,0,0,5,0,1.0,,0.0,0.0,0.0,0.0,0.0,0.0,1.0,0.0
64,4,7694,10,2.0,1.0,1.0,,0,0,0,0,0,0,0,0,0,0,0,0,0,0,0,0,0,0,0,0,0,0,0,0,0,0,0,0,0,0,0,0,0,0,0,0,0,,,,,,,,,,
64,5,5142,10,1.0,0.0,2.0,1.0,2,0,0,0,0,0,0,0,0,0,0,0,0,0,2,0,0,0,3,4,2,0,0,0,0,0,2,0,0,0,0,0,0,0,9,0,0,5.0,5.0,0.0,0.0,0.0,0.0,0.0,0.0,1.0,0.0
64,6,1350,10,1.0,0.0,5.0,1.0,0,0,0,0,0,0,0,0,0,0,0,0,0,0,0,0,0,0,0,2,4,4,0,1,0,0,0,0,0,0,0,0,0,0,1,10,0,6.0,,0.0,0.0,0.0,0.0,0.0,0.0,1.0,0.0
65,1,7407,10,1.0,0.0,2.0,1.0,3,0,0,0,0,0,0,0,0,0,0,0,0,0,3,0,0,0,2,8,2,0,0,0,0,0,4,0,0,0,0,0,0,0,7,4,0,5.0,18.0,0.0,0.0,0.0,0.0,1.0,0.0,1.0,0.0
65,2,7869,10,1.0,0.0,3.0,1.0,0,0,0,0,1,0,0,0,0,0,0,0,0,0,0,0,0,0,5,2,0,0,0,0,0,0,2,0,0,0,0,0,0,0,3,4,0,6.0,,0.0,0.0,0.0,0.0,1.0,0.0,1.0,0.0
65,3,6333,10,1.0,0.0,4.0,1.0,0,0,0,0,0,0,0,0,0,0,0,0,0,0,0,0,0,0,2,0,1,0,0,1,0,0,0,0,0,0,0,0,0,0,1,3,0,6.0,,0.0,0.0,0.0,0.0,0.0,0.0,1.0,0.0
65,4,4048,10,1.0,0.0,5.0,1.0,0,0,0,0,1,0,0,0,0,0,0,0,0,0,0,1,0,0,6,2,0,0,1,0,0,0,1,0,0,0,0,0,0,0,6,2,0,3.0,10.0,0.0,0.0,0.0,0.0,0.0,0.0,1.0,0.0
65,5,155,10,1.0,0.0,3.0,1.0,0,0,0,0,0,0,0,0,0,0,0,0,0,0,0,0,0,0,0,0,0,0,0,0,0,0,0,0,0,0,0,0,0,0,0,0,0,6.0,,0.0,0.0,0.0,1.0,0.0,0.0,0.0,0.0
65,6,236,10,1.0,0.0,3.0,1.0,0,0,0,0,1,0,0,0,0,0,0,0,0,0,1,0,0,0,6,2,1,0,0,0,0,0,1,0,0,0,0,0,0,0,0,8,0,5.0,12.0,0.0,0.0,0.0,0.0,0.0,0.0,1.0,0.0
66,1,3654,11,1.0,0.0,1.0,1.0,0,0,1,0,0,0,0,0,0,0,0,0,0,0,0,0,0,0,2,1,0,1,1,0,0,0,0,0,0,0,0,0,0,0,5,1,0,1.0,,0.0,0.0,0.0,0.0,1.0,0.0,1.0,0.0
66,2,8889,11,1.0,0.0,5.0,1.0,0,0,0,0,0,0,0,0,0,0,0,0,0,0,0,0,0,0,4,0,0,0,2,0,1,0,2,1,0,0,0,0,0,0,4,2,0,6.0,,0.0,0.0,0.0,0.0,1.0,0.0,1.0,0.0
66,3,9193,11,1.0,0.0,3.0,1.0,0,0,0,0,0,0,0,0,0,0,0,0,0,0,0,0,0,0,0,0,0,1,0,0,0,1,0,0,0,0,0,0,0,0,3,0,0,1.0,,1.0,0.0,0.0,0.0,1.0,0.0,1.0,0.0
66,4,2168,11,1.0,0.0,5.0,1.0,0,0,0,1,0,0,0,0,0,0,0,0,0,0,0,0,0,0,5,1,0,2,0,0,0,0,0,0,0,1,0,0,0,0,8,0,0,1.0,,0.0,0.0,0.0,0.0,0.0,0.0,1.0,0.0
66,5,178,11,1.0,0.0,2.0,1.0,0,1,0,0,0,0,0,0,0,0,0,0,0,0,1,0,0,0,0,0,0,0,0,0,0,0,0,0,0,0,0,0,0,0,0,0,0,6.0,,0.0,0.0,0.0,0.0,0.0,0.0,1.0,0.0
66,6,6346,11,1.0,0.0,3.0,1.0,0,0,0,0,0,0,0,0,1,0,0,0,0,0,0,0,0,0,6,0,0,0,1,0,0,0,0,0,0,0,0,0,0,0,0,6,0,1.0,,0.0,0.0,0.0,0.0,0.0,0.0,1.0,0.0
67,1,2170,11,1.0,0.0,3.0,1.0,0,0,0,0,0,0,0,1,0,0,0,0,0,0,0,0,0,0,0,0,0,0,0,0,0,1,1,0,0,0,0,0,0,0,1,0,0,6.0,,0.0,1.0,0.0,1.0,0.0,0.0,1.0,0.0
67,2,195,11,1.0,0.0,4.0,1.0,3,0,0,0,0,0,0,0,0,0,0,0,0,0,0,2,0,0,1,5,1,4,0,0,0,0,2,0,0,0,0,0,0,0,7,0,0,3.0,3.0,0.0,0.0,0.0,0.0,1.0,1.0,1.0,0.0
67,3,228,11,1.0,0.0,2.0,1.0,0,0,0,1,0,0,0,0,0,0,0,0,0,0,1,0,0,0,2,0,4,0,0,0,0,0,0,0,0,0,0,0,0,0,0,5,0,6.0,,0.0,0.0,0.0,0.0,1.0,0.0,1.0,0.0
67,4,4987,11,1.0,0.0,3.0,1.0,0,0,0,0,0,0,0,0,0,0,0,0,0,0,0,0,0,0,0,0,0,0,0,0,0,0,0,0,0,0,0,0,0,0,0,0,0,6.0,,0.0,0.0,0.0,1.0,0.0,0.0,0.0,0.0
67,5,3461,11,1.0,0.0,1.0,1.0,0,0,0,1,0,0,0,0,0,0,0,0,0,0,0,0,0,0,6,2,1,0,0,0,0,0,1,0,0,0,0,0,0,0,7,3,0,6.0,,0.0,0.0,0.0,0.0,0.0,0.0,1.0,0.0
67,6,173,11,1.0,0.0,5.0,1.0,0,0,0,0,1,0,0,0,0,0,0,0,0,0,0,1,0,0,0,0,0,0,0,0,0,0,0,0,0,0,0,0,0,0,0,0,0,1.0,,0.0,1.0,0.0,0.0,0.0,0.0,0.0,0.0
68,1,1027,11,1.0,0.0,1.0,1.0,0,0,0,0,0,0,0,0,0,0,0,0,0,0,0,0,0,0,0,0,0,0,0,0,0,0,0,0,0,0,0,0,0,0,0,0,0,1.0,,0.0,0.0,0.0,1.0,0.0,0.0,0.0,0.0
68,2,175,11,1.0,0.0,3.0,1.0,0,0,0,0,1,0,0,0,0,0,0,0,0,0,0,0,0,0,1,5,5,1,0,1,0,0,0,0,0,0,0,0,0,0,0,13,0,6.0,,0.0,0.0,0.0,0.0,0.0,0.0,1.0,0.0
68,3,1099,11,1.0,0.0,4.0,1.0,0,0,0,0,0,0,0,0,0,0,0,0,0,0,0,0,0,0,0,0,0,0,0,0,0,0,6,0,6,0,1,0,0,0,0,0,0,1.0,,0.0,0.0,0.0,0.0,0.0,0.0,0.0,1.0
68,4,181,11,1.0,0.0,1.0,1.0,0,0,0,0,0,0,0,0,0,0,0,0,0,0,0,0,0,0,0,0,0,0,0,0,0,0,3,1,4,1,0,0,0,0,0,0,0,6.0,,0.0,0.0,0.0,0.0,1.0,0.0,0.0,1.0
68,5,9710,11,1.0,0.0,5.0,1.0,0,0,0,0,0,0,0,0,0,0,0,0,0,0,0,0,0,0,4,0,0,0,0,0,0,0,1,0,0,0,0,0,0,0,0,6,0,1.0,,0.0,0.0,0.0,0.0,0.0,0.0,1.0,0.0
68,6,3146,11,1.0,0.0,3.0,1.0,1,0,0,0,0,0,0,0,0,0,0,0,0,0,0,0,0,0,5,0,0,0,1,0,0,0,0,0,0,0,0,0,0,0,0,7,0,3.0,14.0,0.0,0.0,0.0,0.0,1.0,0.0,1.0,0.0
69,1,7869,11,1.0,0.0,1.0,1.0,0,0,0,0,0,0,0,0,0,0,0,0,0,0,0,0,0,0,6,4,0,1,0,0,0,0,2,0,0,0,0,0,0,0,11,0,0,6.0,,0.0,0.0,0.0,0.0,0.0,0.0,1.0,0.0
69,2,558,11,1.0,0.0,3.0,1.0,1,0,0,0,0,0,0,0,0,0,0,0,0,0,0,0,0,0,2,0,0,0,0,0,0,1,1,0,0,0,0,0,0,0,3,0,0,3.0,41.0,0.0,0.0,0.0,0.0,1.0,0.0,1.0,0.0
69,3,155,11,1.0,0.0,4.0,1.0,0,0,0,0,1,0,0,0,0,0,0,0,0,0,0,0,0,0,4,2,0,0,1,1,0,0,0,0,0,0,0,0,0,0,0,8,0,5.0,25.0,0.0,0.0,0.0,0.0,1.0,0.0,1.0,0.0
69,4,10245,11,1.0,0.0,3.0,1.0,0,0,0,1,0,0,0,0,0,0,0,0,0,0,0,0,0,0,0,0,0,13,0,0,0,2,0,0,0,0,0,0,0,0,12,3,0,6.0,,0.0,0.0,0.0,0.0,0.0,0.0,1.0,0.0
69,5,10133,11,1.0,0.0,1.0,1.0,0,0,0,0,0,0,0,0,0,0,0,0,0,0,0,0,0,0,0,0,0,0,0,0,0,0,0,0,0,0,0,0,0,0,0,0,0,6.0,,0.0,0.0,0.0,1.0,0.0,0.0,0.0,0.0
69,6,7127,11,1.0,0.0,4.0,1.0,1,0,0,0,0,0,0,0,0,0,0,0,0,0,0,1,0,0,10,6,0,0,0,0,0,0,0,0,0,0,0,0,0,0,3,12,0,1.0,,0.0,0.0,0.0,0.0,0.0,0.0,1.0,0.0
70,1,7153,11,1.0,0.0,1.0,1.0,1,0,0,0,0,0,0,0,1,0,0,0,0,0,0,0,0,0,0,0,0,0,0,0,0,0,2,0,0,0,0,0,0,0,0,0,0,5.0,48.0,0.0,1.0,0.0,1.0,0.0,0.0,1.0,0.0
70,2,3464,11,1.0,0.0,3.0,1.0,1,0,0,0,0,0,0,0,0,0,0,0,0,0,0,0,0,0,3,3,3,0,0,1,1,0,0,3,0,0,0,0,0,0,11,0,0,1.0,,0.0,0.0,0.0,0.0,1.0,0.0,1.0,0.0
70,3,7407,11,1.0,0.0,4.0,1.0,3,0,0,0,0,0,0,0,0,0,0,0,0,0,0,3,0,0,4,7,4,0,0,0,0,0,4,0,0,0,0,0,0,0,0,14,0,5.0,15.0,0.0,0.0,0.0,0.0,1.0,0.0,1.0,0.0
70,4,6333,11,1.0,0.0,1.0,1.0,0,0,0,0,0,0,0,0,0,0,0,0,0,0,0,0,0,0,6,0,0,0,1,0,0,0,0,0,0,0,0,0,0,0,7,0,0,6.0,,0.0,0.0,0.0,0.0,0.0,1.0,1.0,0.0
70,5,1991,11,1.0,0.0,3.0,1.0,0,0,0,1,0,0,0,0,0,0,0,0,0,0,0,0,0,0,0,0,0,0,0,0,0,0,3,2,0,3,0,0,0,0,0,0,0,1.0,,0.0,0.0,0.0,1.0,0.0,0.0,0.0,0.0
70,6,7694,11,1.0,0.0,5.0,1.0,0,0,0,0,0,0,0,0,0,0,0,0,0,0,0,0,0,0,0,0,3,0,0,0,0,0,0,0,0,0,0,0,0,0,1,2,0,1.0,,0.0,0.0,0.0,0.0,0.0,0.0,1.0,0.0
71,1,5142,11,1.0,0.0,5.0,1.0,1,0,0,0,1,0,0,0,0,0,0,0,0,0,0,2,0,0,4,1,4,0,0,1,0,1,2,0,0,0,0,0,0,0,10,0,0,5.0,5.0,0.0,0.0,0.0,0.0,0.0,0.0,1.0,0.0
71,2,5856,11,1.0,0.0,3.0,1.0,0,0,0,0,0,0,0,0,0,0,0,0,0,0,0,0,0,0,0,0,0,0,0,0,0,0,0,0,0,0,0,0,0,0,0,0,0,1.0,,0.0,0.0,1.0,1.0,0.0,0.0,0.0,0.0
71,3,571,11,1.0,0.0,2.0,1.0,0,0,2,0,0,0,0,0,0,0,0,0,0,0,1,0,0,0,0,2,5,4,0,2,0,0,0,0,0,0,0,0,0,0,4,9,0,1.0,,0.0,0.0,0.0,0.0,0.0,0.0,1.0,0.0
71,4,5746,11,1.0,0.0,5.0,1.0,0,0,0,0,0,0,0,0,0,0,0,0,0,0,0,0,0,0,3,0,0,0,3,0,0,0,0,0,0,0,0,0,0,0,5,0,0,1.0,,0.0,0.0,0.0,0.0,0.0,0.0,1.0,0.0
71,5,10266,11,1.0,0.0,1.0,1.0,0,0,0,0,0,0,0,0,0,0,0,0,0,0,0,0,0,0,0,0,0,0,0,0,0,0,0,0,0,0,0,0,0,0,0,0,0,6.0,,0.0,0.0,0.0,1.0,0.0,0.0,0.0,0.0
71,6,3634,11,1.0,0.0,3.0,1.0,0,0,1,0,0,0,0,0,0,0,0,0,0,0,0,0,0,0,0,0,0,8,0,0,0,2,0,0,0,0,0,0,0,0,0,10,0,5.0,20.0,0.0,0.0,0.0,0.0,0.0,0.0,1.0,0.0
72,1,1350,11,1.0,0.0,5.0,1.0,0,0,0,0,0,0,0,0,0,0,0,0,0,0,0,0,0,0,0,6,2,0,0,0,0,0,3,0,0,0,0,0,0,0,7,0,0,6.0,,0.0,0.0,0.0,0.0,0.0,0.0,1.0,0.0
72,2,236,11,1.0,0.0,2.0,1.0,1,0,0,0,0,0,0,0,0,0,0,0,0,0,1,0,0,0,5,2,1,0,1,0,0,0,1,0,0,0,0,0,0,0,8,0,0,5.0,15.0,0.0,0.0,0.0,0.0,0.0,0.0,1.0,0.0
72,3,2168,12,1.0,0.0,3.0,1.0,1,0,0,0,0,0,0,0,0,0,0,0,0,0,0,0,0,0,5,0,1,1,0,0,0,0,0,3,0,0,0,0,0,0,0,7,0,6.0,,0.0,0.0,0.0,0.0,0.0,0.0,1.0,0.0
72,4,4048,11,1.0,0.0,4.0,1.0,1,0,0,0,0,1,0,0,0,0,0,0,0,0,0,1,0,0,6,0,0,0,1,0,0,0,0,0,0,0,0,0,0,0,8,0,0,3.0,10.0,0.0,0.0,0.0,0.0,0.0,0.0,1.0,0.0
72,5,228,12,1.0,0.0,2.0,1.0,0,0,0,0,1,0,0,0,0,0,0,0,0,0,1,0,0,0,3,3,1,0,1,2,1,0,0,0,0,0,0,0,0,0,0,10,0,1.0,,0.0,0.0,0.0,0.0,0.0,0.0,1.0,0.0
72,6,3461,12,1.0,0.0,3.0,1.0,0,0,0,1,0,0,0,0,0,0,0,0,0,0,0,0,0,0,2,2,2,0,0,0,0,0,2,0,0,0,0,0,0,0,0,6,0,3.0,33.0,0.0,0.0,0.0,0.0,0.0,0.0,1.0,0.0
73,1,3146,12,1.0,0.0,3.0,1.0,1,0,0,0,0,0,0,0,0,0,0,0,0,0,0,0,0,0,3,0,0,0,0,0,0,0,0,4,0,0,0,0,0,0,4,0,0,5.0,17.0,0.0,0.0,0.0,0.0,0.0,0.0,1.0,0.0
73,2,8889,12,1.0,0.0,5.0,1.0,0,0,0,0,0,0,1,0,0,0,0,0,0,0,0,0,0,0,4,0,0,0,0,0,0,0,6,4,0,0,0,0,0,0,0,4,0,1.0,,0.0,0.0,0.0,0.0,0.0,0.0,1.0,0.0
73,3,558,12,1.0,0.0,1.0,1.0,0,0,0,0,0,0,0,0,0,0,0,0,0,0,0,0,0,0,2,0,0,0,1,0,0,0,0,0,0,0,0,0,0,0,0,2,0,5.0,40.0,0.0,0.0,0.0,0.0,0.0,0.0,1.0,0.0
73,4,10133,12,1.0,0.0,1.0,1.0,0,0,0,1,0,0,0,0,0,0,0,0,0,0,0,0,0,0,0,0,0,0,0,0,0,0,0,7,0,1,0,0,0,0,0,0,0,6.0,,0.0,0.0,0.0,0.0,0.0,0.0,1.0,0.0
73,5,9710,12,1.0,0.0,3.0,1.0,1,0,0,0,0,0,0,0,0,0,0,0,0,0,0,0,0,0,5,0,0,0,2,0,0,0,2,0,0,0,0,0,0,0,7,0,0,1.0,,0.0,0.0,0.0,0.0,0.0,0.0,1.0,0.0
73,6,2170,12,1.0,0.0,4.0,1.0,0,0,0,0,0,0,1,0,0,0,0,0,0,0,0,0,0,0,0,6,0,0,0,1,0,0,3,0,0,0,0,0,0,0,0,7,0,5.0,20.0,0.0,0.0,0.0,0.0,0.0,0.0,1.0,0.0
74,1,6346,12,1.0,0.0,3.0,1.0,1,0,0,0,0,0,0,0,0,0,0,0,0,0,0,0,0,0,2,2,1,0,1,1,0,0,0,0,0,0,0,0,0,0,7,0,0,6.0,,0.0,0.0,0.0,0.0,0.0,0.0,1.0,0.0
74,2,3464,12,1.0,0.0,1.0,1.0,0,0,0,0,0,0,0,0,0,0,0,0,0,0,0,0,0,0,6,3,4,1,0,0,0,0,0,1,0,0,0,0,0,0,0,13,0,6.0,,0.0,0.0,0.0,0.0,0.0,0.0,1.0,0.0
74,3,6333,12,1.0,0.0,5.0,1.0,0,0,0,0,0,0,0,0,0,0,0,0,0,0,0,0,0,0,3,1,1,0,0,0,0,0,6,0,0,0,0,0,0,0,5,0,0,6.0,,0.0,0.0,0.0,0.0,0.0,0.0,1.0,0.0
74,4,173,12,1.0,0.0,1.0,1.0,1,0,0,0,1,0,0,0,0,0,0,0,0,0,1,0,0,0,2,1,5,0,2,1,0,0,0,0,0,0,0,0,0,0,13,0,0,6.0,,0.0,0.0,0.0,0.0,0.0,0.0,1.0,0.0
74,5,1027,12,1.0,0.0,3.0,1.0,0,0,0,0,0,0,0,0,0,0,0,0,0,0,0,0,0,0,0,0,0,3,0,0,0,2,0,0,0,0,0,0,0,0,0,4,0,6.0,,0.0,0.0,0.0,0.0,0.0,0.0,1.0,0.0
74,6,7127,12,1.0,0.0,4.0,1.0,1,0,0,0,0,0,0,0,0,0,0,0,0,0,0,0,0,0,5,6,3,0,1,0,0,0,2,0,0,0,0,0,0,0,0,17,0,6.0,,0.0,0.0,0.0,0.0,0.0,0.0,1.0,0.0
75,1,10266,12,1.0,0.0,5.0,1.0,0,0,0,0,0,0,0,0,0,0,0,0,0,0,0,0,0,0,0,0,0,0,0,0,0,0,0,0,0,0,0,0,0,0,0,0,0,1.0,,0.0,0.0,0.0,1.0,0.0,0.0,0.0,0.0
75,2,7694,12,1.0,0.0,2.0,1.0,1,0,0,0,0,0,0,0,0,0,0,0,0,0,1,0,0,0,2,0,0,0,1,0,0,0,0,0,0,0,0,0,0,0,7,0,0,5.0,32.0,0.0,0.0,0.0,0.0,0.0,0.0,1.0,0.0
75,3,175,12,1.0,0.0,3.0,1.0,1,0,0,0,0,0,0,0,0,0,0,0,0,0,0,0,0,0,1,2,0,0,0,0,0,0,3,0,0,0,0,0,0,0,1,3,0,6.0,,0.0,0.0,0.0,0.0,1.0,0.0,1.0,0.0
75,4,9193,12,1.0,0.0,1.0,1.0,0,0,0,0,0,0,0,0,0,0,0,0,0,0,0,0,0,0,0,0,0,0,0,0,0,5,0,0,0,0,0,0,0,0,5,0,0,1.0,,0.0,1.0,0.0,0.0,0.0,0.0,1.0,0.0
75,5,7869,12,1.0,0.0,3.0,1.0,0,0,0,0,1,0,0,0,0,0,0,0,0,0,0,0,0,0,8,0,0,0,2,0,0,0,2,0,0,0,0,0,0,0,3,7,0,6.0,,0.0,0.0,0.0,0.0,1.0,0.0,1.0,0.0
75,6,178,12,1.0,0.0,5.0,1.0,0,1,0,0,0,0,0,0,1,0,0,0,0,0,0,1,0,0,0,1,0,0,0,0,0,0,2,0,0,0,0,0,0,0,0,0,0,1.0,,0.0,0.0,0.0,1.0,1.0,0.0,1.0,0.0
76,1,571,12,,,,,0,0,0,0,0,0,0,0,0,0,0,0,0,0,0,0,0,0,0,0,0,0,0,0,0,0,0,0,0,0,0,0,0,0,0,0,0,,,,,,,,,,
76,2,195,12,,,,,0,0,0,0,0,0,0,0,0,0,0,0,0,0,0,0,0,0,0,0,0,0,0,0,0,0,0,0,0,0,0,0,0,0,0,0,0,,,,,,,,,,
76,3,5746,12,,,,,0,0,0,0,0,0,0,0,0,0,0,0,0,0,0,0,0,0,0,0,0,0,0,0,0,0,0,0,0,0,0,0,0,0,0,0,0,,,,,,,,,,
76,4,7407,12,,,,,0,0,0,0,0,0,0,0,0,0,0,0,0,0,0,0,0,0,0,0,0,0,0,0,0,0,0,0,0,0,0,0,0,0,0,0,0,,,,,,,,,,
76,5,3654,12,,,,,0,0,0,0,0,0,0,0,0,0,0,0,0,0,0,0,0,0,0,0,0,0,0,0,0,0,0,0,0,0,0,0,0,0,0,0,0,,,,,,,,,,
76,6,5856,12,,,,,0,0,0,0,0,0,0,0,0,0,0,0,0,0,0,0,0,0,0,0,0,0,0,0,0,0,0,0,0,0,0,0,0,0,0,0,0,,,,,,,,,,
77,1,236,12,,,,,0,0,0,0,0,0,0,0,0,0,0,0,0,0,0,0,0,0,0,0,0,0,0,0,0,0,0,0,0,0,0,0,0,0,0,0,0,,,,,,,,,,
77,2,10245,12,,,,,0,0,0,0,0,0,0,0,0,0,0,0,0,0,0,0,0,0,0,0,0,0,0,0,0,0,0,0,0,0,0,0,0,0,0,0,0,,,,,,,,,,
77,3,181,12,,,,,0,0,0,0,0,0,0,0,0,0,0,0,0,0,0,0,0,0,0,0,0,0,0,0,0,0,0,0,0,0,0,0,0,0,0,0,0,,,,,,,,,,
77,4,4987,12,,,,,0,0,0,0,0,0,0,0,0,0,0,0,0,0,0,0,0,0,0,0,0,0,0,0,0,0,0,0,0,0,0,0,0,0,0,0,0,,,,,,,,,,
77,5,3634,12,,,,,0,0,0,0,0,0,0,0,0,0,0,0,0,0,0,0,0,0,0,0,0,0,0,0,0,0,0,0,0,0,0,0,0,0,0,0,0,,,,,,,,,,
77,6,1991,12,,,,,0,0,0,0,0,0,0,0,0,0,0,0,0,0,0,0,0,0,0,0,0,0,0,0,0,0,0,0,0,0,0,0,0,0,0,0,0,,,,,,,,,,
78,1,7153,12,,,,,0,0,0,0,0,0,0,0,0,0,0,0,0,0,0,0,0,0,0,0,0,0,0,0,0,0,0,0,0,0,0,0,0,0,0,0,0,,,,,,,,,,
78,2,1350,12,,,,,0,0,0,0,0,0,0,0,0,0,0,0,0,0,0,0,0,0,0,0,0,0,0,0,0,0,0,0,0,0,0,0,0,0,0,0,0,,,,,,,,,,
78,3,4048,12,,,,,0,0,0,0,0,0,0,0,0,0,0,0,0,0,0,0,0,0,0,0,0,0,0,0,0,0,0,0,0,0,0,0,0,0,0,0,0,,,,,,,,,,
78,4,155,12,,,,,0,0,0,0,0,0,0,0,0,0,0,0,0,0,0,0,0,0,0,0,0,0,0,0,0,0,0,0,0,0,0,0,0,0,0,0,0,,,,,,,,,,
78,5,1099,12,,,,,0,0,0,0,0,0,0,0,0,0,0,0,0,0,0,0,0,0,0,0,0,0,0,0,0,0,0,0,0,0,0,0,0,0,0,0,0,,,,,,,,,,
78,6,5142,12,,,,,0,0,0,0,0,0,0,0,0,0,0,0,0,0,0,0,0,0,0,0,0,0,0,0,0,0,0,0,0,0,0,0,0,0,0,0,0,,,,,,,,,,
